cve_ent,ent,cve_mun,mun,pobtot
1,Aguascalientes,0,Total de la entidad Aguascalientes,1432325
1,Aguascalientes,1,Aguascalientes,1900527
1,Aguascalientes,2,Asientos,103432
1,Aguascalientes,3,Calvillo,116736
1,Aguascalientes,4,CosÃ­o,34187
1,Aguascalientes,5,JesÃºs MarÃ­a,260317
1,Aguascalientes,6,PabellÃ³n de Arteaga,95866
1,Aguascalientes,7,RincÃ³n de Romos,115625
1,Aguascalientes,8,San JosÃ© de Gracia,19155
1,Aguascalientes,9,TepezalÃ¡,45250
1,Aguascalientes,10,El Llano,42559
1,Aguascalientes,11,San Francisco de los Romo,124278
2,Baja California,0,Total de la entidad Baja California,3783852
2,Baja California,1,Ensenada,891831
2,Baja California,2,Mexicali,2105672
2,Baja California,3,Tecate,218443
2,Baja California,4,Tijuana,3846134
2,Baja California,5,Playas de Rosarito,254410
2,Baja California,6,San QuintÃ­n,236382
3,Baja California Sur,0,Total de la entidad Baja California Sur,806190
3,Baja California Sur,1,ComondÃº,147757
3,Baja California Sur,2,MulegÃ©,129330
3,Baja California Sur,3,La Paz,587269
3,Baja California Sur,8,Los Cabos,703797
3,Baja California Sur,9,Loreto,36484
4,Campeche,0,Total de la entidad Campeche,935739
4,Campeche,1,CalkinÃ­,118608
4,Campeche,2,Campeche,588905
4,Campeche,3,Carmen,500077
4,Campeche,4,ChampotÃ³n,156967
4,Campeche,5,HecelchakÃ¡n,63883
4,Campeche,6,HopelchÃ©n,84425
4,Campeche,7,Palizada,17729
4,Campeche,8,Tenabo,22946
4,Campeche,9,EscÃ¡rcega,120586
4,Campeche,10,Calakmul,63819
4,Campeche,11,Candelaria,95516
4,Campeche,12,Seybaplaya,30641
5,Coahuila de Zaragoza,0,Total de la entidad Coahuila de Zaragoza,3158312
5,Coahuila de Zaragoza,1,Abasolo,2091
5,Coahuila de Zaragoza,2,AcuÃ±a,326554
5,Coahuila de Zaragoza,3,Allende,46219
5,Coahuila de Zaragoza,4,Arteaga,60356
5,Coahuila de Zaragoza,5,Candela,3296
5,Coahuila de Zaragoza,6,CastaÃ±os,58421
5,Coahuila de Zaragoza,7,Cuatro CiÃ©negas,25621
5,Coahuila de Zaragoza,8,Escobedo,6132
5,Coahuila de Zaragoza,9,Francisco I. Madero,118304
5,Coahuila de Zaragoza,10,Frontera,164894
5,Coahuila de Zaragoza,11,General Cepeda,24084
5,Coahuila de Zaragoza,12,Guerrero,3511
5,Coahuila de Zaragoza,13,Hidalgo,3522
5,Coahuila de Zaragoza,14,JimÃ©nez,19435
5,Coahuila de Zaragoza,15,JuÃ¡rez,3251
5,Coahuila de Zaragoza,16,Lamadrid,3549
5,Coahuila de Zaragoza,17,Matamoros,237449
5,Coahuila de Zaragoza,18,Monclova,476162
5,Coahuila de Zaragoza,19,Morelos,16010
5,Coahuila de Zaragoza,20,MÃºzquiz,143768
5,Coahuila de Zaragoza,21,Nadadores,13166
5,Coahuila de Zaragoza,22,Nava,66493
5,Coahuila de Zaragoza,23,Ocampo,19492
5,Coahuila de Zaragoza,24,Parras,89254
5,Coahuila de Zaragoza,25,Piedras Negras,353778
5,Coahuila de Zaragoza,26,Progreso,6523
5,Coahuila de Zaragoza,27,Ramos Arizpe,246059
5,Coahuila de Zaragoza,28,Sabinas,129791
5,Coahuila de Zaragoza,29,Sacramento,4976
5,Coahuila de Zaragoza,30,Saltillo,1760559
5,Coahuila de Zaragoza,31,San Buenaventura,49748
5,Coahuila de Zaragoza,32,San Juan de Sabinas,84665
5,Coahuila de Zaragoza,33,San Pedro,202663
5,Coahuila de Zaragoza,34,Sierra Mojada,13648
5,Coahuila de Zaragoza,35,TorreÃ³n,1441775
5,Coahuila de Zaragoza,36,Viesca,40721
5,Coahuila de Zaragoza,37,Villa UniÃ³n,12491
5,Coahuila de Zaragoza,38,Zaragoza,26652
6,Colima,0,Total de la entidad Colima,735166
6,Colima,1,ArmerÃ­a,55458
6,Colima,2,Colima,314530
6,Colima,3,Comala,43586
6,Colima,4,CoquimatlÃ¡n,41933
6,Colima,5,CuauhtÃ©moc,62740
6,Colima,6,IxtlahuacÃ¡n,11314
6,Colima,7,Manzanillo,382676
6,Colima,8,MinatitlÃ¡n,20522
6,Colima,9,TecomÃ¡n,234134
6,Colima,10,Villa de Ãlvarez,299664
7,Chiapas,0,Total de la entidad Chiapas,5591856
7,Chiapas,1,Acacoyagua,36257
7,Chiapas,2,Acala,42661
7,Chiapas,3,Acapetahua,54376
7,Chiapas,4,Altamirano,72551
7,Chiapas,5,AmatÃ¡n,49152
7,Chiapas,6,Amatenango de la Frontera,63497
7,Chiapas,7,Amatenango del Valle,22576
7,Chiapas,8,Angel Albino Corzo,64144
7,Chiapas,9,Arriaga,82989
7,Chiapas,10,Bejucal de Ocampo,14744
7,Chiapas,11,Bella Vista,40362
7,Chiapas,12,BerriozÃ¡bal,130255
7,Chiapas,13,Bochil,74539
7,Chiapas,14,El Bosque,48620
7,Chiapas,15,CacahoatÃ¡n,100365
7,Chiapas,16,CatazajÃ¡,35680
7,Chiapas,17,Cintalapa,179417
7,Chiapas,18,Coapilla,19832
7,Chiapas,19,ComitÃ¡n de DomÃ­nguez,332907
7,Chiapas,20,La Concordia,101846
7,Chiapas,21,CopainalÃ¡,44576
7,Chiapas,22,ChalchihuitÃ¡n,43830
7,Chiapas,23,Chamula,203937
7,Chiapas,24,Chanal,27356
7,Chiapas,25,Chapultenango,14968
7,Chiapas,26,ChenalhÃ³,94768
7,Chiapas,27,Chiapa de Corzo,225102
7,Chiapas,28,Chiapilla,12316
7,Chiapas,29,ChicoasÃ©n,10811
7,Chiapas,30,Chicomuselo,73939
7,Chiapas,31,ChilÃ³n,274741
7,Chiapas,32,Escuintla,62094
7,Chiapas,33,Francisco LeÃ³n,14505
7,Chiapas,34,Frontera Comalapa,162291
7,Chiapas,35,Frontera Hidalgo,29212
7,Chiapas,36,La Grandeza,15412
7,Chiapas,37,HuehuetÃ¡n,72768
7,Chiapas,38,HuixtÃ¡n,45950
7,Chiapas,39,HuitiupÃ¡n,55854
7,Chiapas,40,Huixtla,107176
7,Chiapas,41,La Independencia,92885
7,Chiapas,42,IxhuatÃ¡n,22812
7,Chiapas,43,IxtacomitÃ¡n,22004
7,Chiapas,44,Ixtapa,58086
7,Chiapas,45,Ixtapangajoya,12596
7,Chiapas,46,Jiquipilas,83180
7,Chiapas,47,Jitotol,49962
7,Chiapas,48,JuÃ¡rez,43614
7,Chiapas,49,LarrÃ¡inzar,62518
7,Chiapas,50,La Libertad,10609
7,Chiapas,51,Mapastepec,93931
7,Chiapas,52,Las Margaritas,282547
7,Chiapas,53,Mazapa de Madero,15837
7,Chiapas,54,MazatÃ¡n,56798
7,Chiapas,55,Metapa,11755
7,Chiapas,56,Mitontic,27510
7,Chiapas,57,Motozintla,153167
7,Chiapas,58,NicolÃ¡s RuÃ­z,9530
7,Chiapas,59,Ocosingo,472330
7,Chiapas,60,Ocotepec,28176
7,Chiapas,61,Ocozocoautla de Espinosa,197126
7,Chiapas,62,OstuacÃ¡n,37126
7,Chiapas,63,Osumacinta,7984
7,Chiapas,64,Oxchuc,109902
7,Chiapas,65,Palenque,265980
7,Chiapas,66,PantelhÃ³,52886
7,Chiapas,67,Pantepec,24568
7,Chiapas,68,Pichucalco,63924
7,Chiapas,69,Pijijiapan,104885
7,Chiapas,70,El Porvenir,24540
7,Chiapas,71,Villa ComaltitlÃ¡n,61985
7,Chiapas,72,Pueblo Nuevo SolistahuacÃ¡n,59339
7,Chiapas,73,RayÃ³n,21796
7,Chiapas,74,Reforma,89658
7,Chiapas,75,Las Rosas,57887
7,Chiapas,76,Sabanilla,59785
7,Chiapas,77,Salto de Agua,128958
7,Chiapas,78,San CristÃ³bal de las Casas,431773
7,Chiapas,79,San Fernando,83938
7,Chiapas,80,Siltepec,51886
7,Chiapas,81,Simojovel,105978
7,Chiapas,82,SitalÃ¡,31149
7,Chiapas,83,Socoltenango,38347
7,Chiapas,84,Solosuchiapa,17227
7,Chiapas,85,SoyalÃ³,21794
7,Chiapas,86,Suchiapa,51562
7,Chiapas,87,Suchiate,83688
7,Chiapas,88,Sunuapa,4631
7,Chiapas,89,Tapachula,708430
7,Chiapas,90,Tapalapa,9102
7,Chiapas,91,Tapilula,27266
7,Chiapas,92,TecpatÃ¡n,43246
7,Chiapas,93,Tenejapa,96328
7,Chiapas,94,Teopisca,99112
7,Chiapas,96,Tila,167043
7,Chiapas,97,TonalÃ¡,185675
7,Chiapas,98,Totolapa,14465
7,Chiapas,99,La Trinitaria,167059
7,Chiapas,100,TumbalÃ¡,76144
7,Chiapas,101,Tuxtla GutiÃ©rrez,1208555
7,Chiapas,102,Tuxtla Chico,82079
7,Chiapas,103,TuzantÃ¡n,60781
7,Chiapas,104,Tzimol,33378
7,Chiapas,105,UniÃ³n JuÃ¡rez,32064
7,Chiapas,106,Venustiano Carranza,135437
7,Chiapas,107,Villa Corzo,136004
7,Chiapas,108,Villaflores,223050
7,Chiapas,109,YajalÃ³n,80794
7,Chiapas,110,San Lucas,15062
7,Chiapas,111,ZinacantÃ¡n,90746
7,Chiapas,112,San Juan Cancuc,75896
7,Chiapas,113,Aldama,16974
7,Chiapas,114,BenemÃ©rito de las AmÃ©ricas,47307
7,Chiapas,115,Maravilla Tenejapa,29434
7,Chiapas,116,MarquÃ©s de Comillas,25785
7,Chiapas,117,Montecristo de Guerrero,16924
7,Chiapas,118,San AndrÃ©s Duraznal,12107
7,Chiapas,119,Santiago el Pinar,9928
7,Chiapas,120,CapitÃ¡n Luis Ãngel Vidal,8726
7,Chiapas,121,RincÃ³n Chamula San Pedro,17436
7,Chiapas,122,El Parral,31477
7,Chiapas,123,Emiliano Zapata,21778
7,Chiapas,124,Mezcalapa,48209
7,Chiapas,125,Honduras de la Sierra,23358
8,Chihuahua,0,Total de la entidad Chihuahua,3773703
8,Chihuahua,1,Ahumada,29767
8,Chihuahua,2,Aldama,52459
8,Chihuahua,3,Allende,17196
8,Chihuahua,4,Aquiles SerdÃ¡n,51689
8,Chihuahua,5,AscensiÃ³n,52539
8,Chihuahua,6,BachÃ­niva,11793
8,Chihuahua,7,Balleza,33793
8,Chihuahua,8,Batopilas de Manuel GÃ³mez MorÃ­n,23508
8,Chihuahua,9,Bocoyna,47399
8,Chihuahua,10,Buenaventura,50411
8,Chihuahua,11,Camargo,99898
8,Chihuahua,12,CarichÃ­,16834
8,Chihuahua,13,Casas Grandes,24006
8,Chihuahua,14,Coronado,4190
8,Chihuahua,15,Coyame del Sotol,2537
8,Chihuahua,16,La Cruz,7432
8,Chihuahua,17,CuauhtÃ©moc,362295
8,Chihuahua,18,Cusihuiriachi,10419
8,Chihuahua,19,Chihuahua,1876260
8,Chihuahua,20,ChÃ­nipas,12710
8,Chihuahua,21,Delicias,301951
8,Chihuahua,22,Dr. Belisario DomÃ­nguez,4929
8,Chihuahua,23,Galeana,13454
8,Chihuahua,24,Santa Isabel,7652
8,Chihuahua,25,GÃ³mez FarÃ­as,14057
8,Chihuahua,26,Gran Morelos,4923
8,Chihuahua,27,Guachochi,102871
8,Chihuahua,28,Guadalupe,8607
8,Chihuahua,29,Guadalupe y Calvo,103105
8,Chihuahua,30,Guazapares,17359
8,Chihuahua,31,Guerrero,72073
8,Chihuahua,32,Hidalgo del Parral,233909
8,Chihuahua,33,HuejotitÃ¡n,1710
8,Chihuahua,34,Ignacio Zaragoza,10419
8,Chihuahua,35,Janos,22224
8,Chihuahua,36,JimÃ©nez,82416
8,Chihuahua,37,JuÃ¡rez,3025456
8,Chihuahua,38,Julimes,10100
8,Chihuahua,39,LÃ³pez,8419
8,Chihuahua,40,Madera,50485
8,Chihuahua,41,Maguarichi,2719
8,Chihuahua,42,Manuel Benavides,2494
8,Chihuahua,43,MatachÃ­,5525
8,Chihuahua,44,Matamoros,8770
8,Chihuahua,45,Meoqui,91261
8,Chihuahua,46,Morelos,15369
8,Chihuahua,47,Moris,9054
8,Chihuahua,48,Namiquipa,45758
8,Chihuahua,49,Nonoava,5621
8,Chihuahua,50,Nuevo Casas Grandes,131690
8,Chihuahua,51,Ocampo,16458
8,Chihuahua,52,Ojinaga,49208
8,Chihuahua,53,Praxedis G. Guerrero,10320
8,Chihuahua,54,Riva Palacio,15473
8,Chihuahua,55,Rosales,34377
8,Chihuahua,56,Rosario,4212
8,Chihuahua,57,San Francisco de Borja,4452
8,Chihuahua,58,San Francisco de Conchos,5555
8,Chihuahua,59,San Francisco del Oro,10099
8,Chihuahua,60,Santa BÃ¡rbara,23334
8,Chihuahua,61,SatevÃ³,7037
8,Chihuahua,62,Saucillo,60297
8,Chihuahua,63,TemÃ³sachic,10774
8,Chihuahua,64,El Tule,2952
8,Chihuahua,65,Urique,36250
8,Chihuahua,66,Uruachi,13556
8,Chihuahua,67,Valle de Zaragoza,9703
9,Ciudad de MÃ©xico,0,Total de la entidad Ciudad de MÃ©xico,9210628
9,Ciudad de MÃ©xico,2,Azcapotzalco,864410
9,Ciudad de MÃ©xico,3,CoyoacÃ¡n,1228894
9,Ciudad de MÃ©xico,4,Cuajimalpa de Morelos,435415
9,Ciudad de MÃ©xico,5,Gustavo A. Madero,2346702
9,Ciudad de MÃ©xico,6,Iztacalco,809390
9,Ciudad de MÃ©xico,7,Iztapalapa,3670972
9,Ciudad de MÃ©xico,8,La Magdalena Contreras,495286
9,Ciudad de MÃ©xico,9,Milpa Alta,305517
9,Ciudad de MÃ©xico,10,Ãlvaro ObregÃ³n,1518278
9,Ciudad de MÃ©xico,11,TlÃ¡huac,784686
9,Ciudad de MÃ©xico,12,Tlalpan,1400179
9,Ciudad de MÃ©xico,13,Xochimilco,884421
9,Ciudad de MÃ©xico,14,Benito JuÃ¡rez,868306
9,Ciudad de MÃ©xico,15,CuauhtÃ©moc,1091768
9,Ciudad de MÃ©xico,16,Miguel Hidalgo,828940
9,Ciudad de MÃ©xico,17,Venustiano Carranza,887408
10,Durango,0,Total de la entidad Durango,1848262
10,Durango,1,CanatlÃ¡n,63155
10,Durango,2,Canelas,8927
10,Durango,3,Coneto de Comonfort,8204
10,Durango,4,CuencamÃ©,70037
10,Durango,5,Durango,1379437
10,Durango,6,General SimÃ³n BolÃ­var,20129
10,Durango,7,GÃ³mez Palacio,748030
10,Durango,8,Guadalupe Victoria,73805
10,Durango,9,GuanacevÃ­,20163
10,Durango,10,Hidalgo,7784
10,Durango,11,IndÃ©,9519
10,Durango,12,Lerdo,327367
10,Durango,13,MapimÃ­,54033
10,Durango,14,Mezquital,99767
10,Durango,15,Nazas,25889
10,Durango,16,Nombre de Dios,38207
10,Durango,17,Ocampo,16192
10,Durango,18,El Oro,20814
10,Durango,19,OtÃ¡ez,9941
10,Durango,20,PÃ¡nuco de Coronado,25357
10,Durango,21,PeÃ±Ã³n Blanco,22361
10,Durango,22,Poanas,51277
10,Durango,23,Pueblo Nuevo,103250
10,Durango,24,Rodeo,25666
10,Durango,25,San Bernardo,5753
10,Durango,26,San Dimas,35240
10,Durango,27,San Juan de Guadalupe,10561
10,Durango,28,San Juan del RÃ­o,24148
10,Durango,29,San Luis del Cordero,4214
10,Durango,30,San Pedro del Gallo,3299
10,Durango,31,Santa Clara,13466
10,Durango,32,Santiago Papasquiaro,99072
10,Durango,33,SÃºchil,13893
10,Durango,34,Tamazula,53939
10,Durango,35,Tepehuanes,23219
10,Durango,36,Tlahualilo,42378
10,Durango,37,Topia,19306
10,Durango,38,Vicente Guerrero,46973
10,Durango,39,Nuevo Ideal,56140
11,Guanajuato,0,Total de la entidad Guanajuato,6185426
11,Guanajuato,1,Abasolo,184496
11,Guanajuato,2,AcÃ¡mbaro,217672
11,Guanajuato,3,San Miguel de Allende,349812
11,Guanajuato,4,Apaseo el Alto,126908
11,Guanajuato,5,Apaseo el Grande,235960
11,Guanajuato,6,Atarjea,10598
11,Guanajuato,7,Celaya,1043055
11,Guanajuato,8,Manuel Doblado,82961
11,Guanajuato,9,Comonfort,164625
11,Guanajuato,10,Coroneo,22166
11,Guanajuato,11,Cortazar,196119
11,Guanajuato,12,CuerÃ¡maro,61831
11,Guanajuato,13,Doctor Mora,54811
11,Guanajuato,14,Dolores Hidalgo Cuna de la Independencia Nacional,326905
11,Guanajuato,15,Guanajuato,389203
11,Guanajuato,16,HuanÃ­maro,42301
11,Guanajuato,17,Irapuato,1186701
11,Guanajuato,18,Jaral del Progreso,77644
11,Guanajuato,19,JerÃ©cuaro,99167
11,Guanajuato,20,LeÃ³n,3445502
11,Guanajuato,21,MoroleÃ³n,94540
11,Guanajuato,22,Ocampo,54601
11,Guanajuato,23,PÃ©njamo,310558
11,Guanajuato,24,Pueblo Nuevo,24900
11,Guanajuato,25,PurÃ­sima del RincÃ³n,167852
11,Guanajuato,26,Romita,132151
11,Guanajuato,27,Salamanca,547660
11,Guanajuato,28,Salvatierra,188351
11,Guanajuato,29,San Diego de la UniÃ³n,82320
11,Guanajuato,30,San Felipe,240165
11,Guanajuato,31,San Francisco del RincÃ³n,262032
11,Guanajuato,32,San JosÃ© Iturbide,179333
11,Guanajuato,33,San Luis de la Paz,257770
11,Guanajuato,34,Santa Catarina,11471
11,Guanajuato,35,Santa Cruz de Juventino Rosas,165032
11,Guanajuato,36,Santiago MaravatÃ­o,13432
11,Guanajuato,37,Silao de la Victoria,407924
11,Guanajuato,38,Tarandacuao,22634
11,Guanajuato,39,Tarimoro,71909
11,Guanajuato,40,Tierra Blanca,40038
11,Guanajuato,41,Uriangato,123027
11,Guanajuato,42,Valle de Santiago,301770
11,Guanajuato,43,Victoria,42664
11,Guanajuato,44,VillagrÃ¡n,131892
11,Guanajuato,45,XichÃº,22287
11,Guanajuato,46,Yuriria,137610
12,Guerrero,0,Total de la entidad Guerrero,3548231
12,Guerrero,1,Acapulco de JuÃ¡rez,1559356
12,Guerrero,2,Ahuacuotzingo,50562
12,Guerrero,3,AjuchitlÃ¡n del Progreso,75430
12,Guerrero,4,Alcozauca de Guerrero,42462
12,Guerrero,5,Alpoyeca,15631
12,Guerrero,6,Apaxtla,22297
12,Guerrero,7,Arcelia,66644
12,Guerrero,8,Atenango del RÃ­o,18315
12,Guerrero,9,Atlamajalcingo del Monte,11625
12,Guerrero,10,Atlixtac,57034
12,Guerrero,11,Atoyac de Ãlvarez,121524
12,Guerrero,12,Ayutla de los Libres,138313
12,Guerrero,13,AzoyÃº,30257
12,Guerrero,14,Benito JuÃ¡rez,30962
12,Guerrero,15,Buenavista de CuÃ©llar,26002
12,Guerrero,16,Coahuayutla de JosÃ© MarÃ­a Izazaga,25009
12,Guerrero,17,Cocula,31168
12,Guerrero,18,Copala,28994
12,Guerrero,19,Copalillo,31296
12,Guerrero,20,Copanatoyac,43351
12,Guerrero,21,Coyuca de BenÃ­tez,146256
12,Guerrero,22,Coyuca de CatalÃ¡n,77668
12,Guerrero,23,Cuajinicuilapa,53467
12,Guerrero,24,CualÃ¡c,15777
12,Guerrero,25,Cuautepec,34060
12,Guerrero,26,Cuetzala del Progreso,16575
12,Guerrero,27,Cutzamala de PinzÃ³n,41210
12,Guerrero,28,Chilapa de Ãlvarez,247483
12,Guerrero,29,Chilpancingo de los Bravo,566865
12,Guerrero,30,Florencio Villarreal,44520
12,Guerrero,31,General Canuto A. Neri,12618
12,Guerrero,32,General Heliodoro Castillo,74697
12,Guerrero,33,HuamuxtitlÃ¡n,34980
12,Guerrero,34,Huitzuco de los Figueroa,73219
12,Guerrero,35,Iguala de la Independencia,308940
12,Guerrero,36,Igualapa,23488
12,Guerrero,37,Ixcateopan de CuauhtÃ©moc,12290
12,Guerrero,38,Zihuatanejo de Azueta,252281
12,Guerrero,39,Juan R. Escudero,52198
12,Guerrero,40,Leonardo Bravo,52733
12,Guerrero,41,Malinaltepec,59281
12,Guerrero,42,MÃ¡rtir de Cuilapan,37227
12,Guerrero,43,MetlatÃ³noc,37807
12,Guerrero,44,MochitlÃ¡n,24826
12,Guerrero,45,OlinalÃ¡,57122
12,Guerrero,46,Ometepec,136594
12,Guerrero,47,Pedro Ascencio Alquisiras,14181
12,Guerrero,48,PetatlÃ¡n,89456
12,Guerrero,49,Pilcaya,25547
12,Guerrero,50,Pungarabato,77009
12,Guerrero,51,Quechultenango,72291
12,Guerrero,52,San Luis AcatlÃ¡n,92610
12,Guerrero,53,San Marcos,100305
12,Guerrero,54,San Miguel Totolapan,48372
12,Guerrero,55,Taxco de AlarcÃ³n,211231
12,Guerrero,56,Tecoanapa,92176
12,Guerrero,57,TÃ©cpan de Galeana,131071
12,Guerrero,58,Teloloapan,107706
12,Guerrero,59,Tepecoacuilco de Trujano,61663
12,Guerrero,60,Tetipac,27115
12,Guerrero,61,Tixtla de Guerrero,86620
12,Guerrero,62,Tlacoachistlahuaca,45610
12,Guerrero,63,Tlacoapa,20194
12,Guerrero,64,Tlalchapa,23371
12,Guerrero,65,Tlalixtaquilla de Maldonado,15215
12,Guerrero,66,Tlapa de Comonfort,192352
12,Guerrero,67,Tlapehuala,44450
12,Guerrero,68,La UniÃ³n de Isidoro Montes de Oca,52846
12,Guerrero,69,XalpatlÃ¡huac,23981
12,Guerrero,70,XochihuehuetlÃ¡n,15744
12,Guerrero,71,Xochistlahuaca,59849
12,Guerrero,72,ZapotitlÃ¡n Tablas,24014
12,Guerrero,73,ZirÃ¡ndaro,36365
12,Guerrero,74,Zitlala,43954
12,Guerrero,75,Eduardo Neri,106314
12,Guerrero,76,Acatepec,80468
12,Guerrero,77,Marquelia,28599
12,Guerrero,78,Cochoapa el Grande,42551
12,Guerrero,79,JosÃ© JoaquÃ­n de Herrera,36772
12,Guerrero,80,JuchitÃ¡n,15142
12,Guerrero,81,Iliatenco,23358
13,Hidalgo,0,Total de la entidad Hidalgo,3085740
13,Hidalgo,1,AcatlÃ¡n,44563
13,Hidalgo,2,AcaxochitlÃ¡n,92143
13,Hidalgo,3,Actopan,122005
13,Hidalgo,4,Agua Blanca de Iturbide,20629
13,Hidalgo,5,Ajacuba,37769
13,Hidalgo,6,Alfajayucan,38347
13,Hidalgo,7,Almoloya,25231
13,Hidalgo,8,Apan,93443
13,Hidalgo,9,El Arenal,39673
13,Hidalgo,10,Atitalaquia,63084
13,Hidalgo,11,Atlapexco,39654
13,Hidalgo,12,Atotonilco el Grande,60279
13,Hidalgo,13,Atotonilco de Tula,124946
13,Hidalgo,14,Calnali,32357
13,Hidalgo,15,Cardonal,38866
13,Hidalgo,16,Cuautepec de Hinojosa,120920
13,Hidalgo,17,Chapantongo,25953
13,Hidalgo,18,ChapulhuacÃ¡n,45874
13,Hidalgo,19,Chilcuautla,37830
13,Hidalgo,20,EloxochitlÃ¡n,5204
13,Hidalgo,21,Emiliano Zapata,30386
13,Hidalgo,22,Epazoyucan,32617
13,Hidalgo,23,Francisco I. Madero,72501
13,Hidalgo,24,Huasca de Ocampo,35230
13,Hidalgo,25,Huautla,41352
13,Hidalgo,26,Huazalingo,25541
13,Hidalgo,27,Huehuetla,45742
13,Hidalgo,28,Huejutla de Reyes,253606
13,Hidalgo,29,Huichapan,94945
13,Hidalgo,30,Ixmiquilpan,197328
13,Hidalgo,31,Jacala de Ledezma,24617
13,Hidalgo,32,JaltocÃ¡n,21327
13,Hidalgo,33,JuÃ¡rez Hidalgo,5805
13,Hidalgo,34,Lolotla,19004
13,Hidalgo,35,Metepec,26160
13,Hidalgo,36,San AgustÃ­n MetzquititlÃ¡n,18907
13,Hidalgo,37,MetztitlÃ¡n,41967
13,Hidalgo,38,Mineral del Chico,17772
13,Hidalgo,39,Mineral del Monte,28671
13,Hidalgo,40,La MisiÃ³n,19657
13,Hidalgo,41,Mixquiahuala de JuÃ¡rez,94478
13,Hidalgo,42,Molango de Escamilla,23190
13,Hidalgo,43,NicolÃ¡s Flores,12532
13,Hidalgo,44,Nopala de VillagrÃ¡n,34016
13,Hidalgo,45,OmitlÃ¡n de JuÃ¡rez,18590
13,Hidalgo,46,San Felipe OrizatlÃ¡n,77019
13,Hidalgo,47,Pacula,9507
13,Hidalgo,48,Pachuca de Soto,628676
13,Hidalgo,49,Pisaflores,37482
13,Hidalgo,50,Progreso de ObregÃ³n,47292
13,Hidalgo,51,Mineral de la Reforma,405566
13,Hidalgo,52,San AgustÃ­n Tlaxiaca,77822
13,Hidalgo,53,San Bartolo Tutotepec,35449
13,Hidalgo,54,San Salvador,73592
13,Hidalgo,55,Santiago de Anaya,36668
13,Hidalgo,56,Santiago Tulantepec de Lugo Guerrero,79135
13,Hidalgo,57,Singuilucan,30429
13,Hidalgo,58,Tasquillo,34883
13,Hidalgo,59,Tecozautla,76041
13,Hidalgo,60,Tenango de Doria,35035
13,Hidalgo,61,Tepeapulco,112524
13,Hidalgo,62,TepehuacÃ¡n de Guerrero,62507
13,Hidalgo,63,Tepeji del RÃ­o de Ocampo,181127
13,Hidalgo,64,TepetitlÃ¡n,21663
13,Hidalgo,65,Tetepango,23556
13,Hidalgo,66,Villa de Tezontepec,26075
13,Hidalgo,67,Tezontepec de Aldama,110295
13,Hidalgo,68,Tianguistengo,28697
13,Hidalgo,69,Tizayuca,336650
13,Hidalgo,70,Tlahuelilpan,38150
13,Hidalgo,71,Tlahuiltepa,18285
13,Hidalgo,72,Tlanalapa,22257
13,Hidalgo,73,Tlanchinol,75474
13,Hidalgo,74,Tlaxcoapan,57258
13,Hidalgo,75,Tolcayuca,42782
13,Hidalgo,76,Tula de Allende,230248
13,Hidalgo,77,Tulancingo de Bravo,336755
13,Hidalgo,78,Xochiatipan,36531
13,Hidalgo,79,XochicoatlÃ¡n,14043
13,Hidalgo,80,Yahualica,49351
13,Hidalgo,81,ZacualtipÃ¡n de Ãngeles,76314
13,Hidalgo,82,ZapotlÃ¡n de JuÃ¡rez,42906
13,Hidalgo,83,Zempoala,115922
13,Hidalgo,84,ZimapÃ¡n,79904
14,Jalisco,0,Total de la entidad Jalisco,8371680
14,Jalisco,1,Acatic,46474
14,Jalisco,2,AcatlÃ¡n de JuÃ¡rez,52105
14,Jalisco,3,Ahualulco de Mercado,47327
14,Jalisco,4,Amacueca,11522
14,Jalisco,5,AmatitÃ¡n,33028
14,Jalisco,6,Ameca,120930
14,Jalisco,7,San Juanito de Escobedo,18870
14,Jalisco,8,Arandas,161638
14,Jalisco,9,El Arenal,42301
14,Jalisco,10,Atemajac de Brizuela,15549
14,Jalisco,11,Atengo,11223
14,Jalisco,12,Atenguillo,8432
14,Jalisco,13,Atotonilco el Alto,128230
14,Jalisco,14,Atoyac,17421
14,Jalisco,15,AutlÃ¡n de Navarro,130257
14,Jalisco,16,AyotlÃ¡n,83186
14,Jalisco,17,Ayutla,25849
14,Jalisco,18,La Barca,136023
14,Jalisco,19,BolaÃ±os,14534
14,Jalisco,20,Cabo Corrientes,22119
14,Jalisco,21,Casimiro Castillo,41193
14,Jalisco,22,CihuatlÃ¡n,80426
14,Jalisco,23,ZapotlÃ¡n el Grande,231091
14,Jalisco,24,Cocula,58594
14,Jalisco,25,ColotlÃ¡n,39440
14,Jalisco,26,ConcepciÃ³n de Buenos Aires,12680
14,Jalisco,27,CuautitlÃ¡n de GarcÃ­a BarragÃ¡n,36860
14,Jalisco,28,Cuautla,4379
14,Jalisco,29,CuquÃ­o,35887
14,Jalisco,30,Chapala,110462
14,Jalisco,31,ChimaltitÃ¡n,6641
14,Jalisco,32,ChiquilistlÃ¡n,12002
14,Jalisco,33,Degollado,42534
14,Jalisco,34,Ejutla,3981
14,Jalisco,35,EncarnaciÃ³n de DÃ­az,106901
14,Jalisco,36,EtzatlÃ¡n,40076
14,Jalisco,37,El Grullo,51945
14,Jalisco,38,Guachinango,8482
14,Jalisco,39,Guadalajara,2771266
14,Jalisco,40,Hostotipaquillo,17514
14,Jalisco,41,HuejÃºcar,11875
14,Jalisco,42,Huejuquilla el Alto,20128
14,Jalisco,43,La Huerta,46691
14,Jalisco,44,IxtlahuacÃ¡n de los Membrillos,136197
14,Jalisco,45,IxtlahuacÃ¡n del RÃ­o,41246
14,Jalisco,46,JalostotitlÃ¡n,65628
14,Jalisco,47,Jamay,49821
14,Jalisco,48,JesÃºs MarÃ­a,38194
14,Jalisco,49,JilotlÃ¡n de los Dolores,19814
14,Jalisco,50,Jocotepec,94319
14,Jalisco,51,JuanacatlÃ¡n,61769
14,Jalisco,52,JuchitlÃ¡n,11095
14,Jalisco,53,Lagos de Moreno,345729
14,Jalisco,54,El LimÃ³n,10742
14,Jalisco,55,Magdalena,43575
14,Jalisco,56,Santa MarÃ­a del Oro,3808
14,Jalisco,57,La Manzanilla de la Paz,8210
14,Jalisco,58,Mascota,29250
14,Jalisco,59,Mazamitla,28153
14,Jalisco,60,MexticacÃ¡n,10699
14,Jalisco,61,Mezquitic,46079
14,Jalisco,62,MixtlÃ¡n,7332
14,Jalisco,63,OcotlÃ¡n,212150
14,Jalisco,64,Ojuelos de Jalisco,67291
14,Jalisco,65,Pihuamo,23018
14,Jalisco,66,PoncitlÃ¡n,107432
14,Jalisco,67,Puerto Vallarta,583825
14,Jalisco,68,Villa PurificaciÃ³n,22878
14,Jalisco,69,Quitupan,15589
14,Jalisco,70,El Salto,466580
14,Jalisco,71,San CristÃ³bal de la Barranca,6002
14,Jalisco,72,San Diego de AlejandrÃ­a,15406
14,Jalisco,73,San Juan de los Lagos,144882
14,Jalisco,74,San JuliÃ¡n,33689
14,Jalisco,75,San Marcos,7637
14,Jalisco,76,San MartÃ­n de BolaÃ±os,6364
14,Jalisco,77,San MartÃ­n Hidalgo,56256
14,Jalisco,78,San Miguel el Alto,64245
14,Jalisco,79,GÃ³mez FarÃ­as,32883
14,Jalisco,80,San SebastiÃ¡n del Oeste,10268
14,Jalisco,81,Santa MarÃ­a de los Ãngeles,7034
14,Jalisco,82,Sayula,74459
14,Jalisco,83,Tala,175574
14,Jalisco,84,Talpa de Allende,30337
14,Jalisco,85,Tamazula de Gordiano,78151
14,Jalisco,86,Tapalpa,42635
14,Jalisco,87,TecalitlÃ¡n,33792
14,Jalisco,88,TecolotlÃ¡n,33252
14,Jalisco,89,Techaluta de Montenegro,8173
14,Jalisco,90,TenamaxtlÃ¡n,14620
14,Jalisco,91,Teocaltiche,79961
14,Jalisco,92,TeocuitatlÃ¡n de Corona,22096
14,Jalisco,93,TepatitlÃ¡n de Morelos,301000
14,Jalisco,94,Tequila,89088
14,Jalisco,95,TeuchitlÃ¡n,19342
14,Jalisco,96,TizapÃ¡n el Alto,45534
14,Jalisco,97,Tlajomulco de ZÃºÃ±iga,1455816
14,Jalisco,98,San Pedro Tlaquepaque,1374278
14,Jalisco,99,TolimÃ¡n,22482
14,Jalisco,100,TomatlÃ¡n,72947
14,Jalisco,101,TonalÃ¡,1139901
14,Jalisco,102,Tonaya,11936
14,Jalisco,103,Tonila,15152
14,Jalisco,104,Totatiche,8435
14,Jalisco,105,TototlÃ¡n,47413
14,Jalisco,106,Tuxcacuesco,11211
14,Jalisco,107,Tuxcueca,13429
14,Jalisco,108,Tuxpan,75170
14,Jalisco,109,UniÃ³n de San Antonio,38394
14,Jalisco,110,UniÃ³n de Tula,27652
14,Jalisco,111,Valle de Guadalupe,13405
14,Jalisco,112,Valle de JuÃ¡rez,12393
14,Jalisco,113,San Gabriel,33194
14,Jalisco,114,Villa Corona,38173
14,Jalisco,115,Villa Guerrero,11163
14,Jalisco,116,Villa Hidalgo,40254
14,Jalisco,117,CaÃ±adas de ObregÃ³n,8865
14,Jalisco,118,Yahualica de GonzÃ¡lez Gallo,45036
14,Jalisco,119,Zacoalco de Torres,60996
14,Jalisco,120,Zapopan,2953383
14,Jalisco,121,Zapotiltic,67465
14,Jalisco,122,ZapotitlÃ¡n de Vadillo,14966
14,Jalisco,123,ZapotlÃ¡n del Rey,38679
14,Jalisco,124,Zapotlanejo,129737
14,Jalisco,125,San Ignacio Cerro Gordo,36737
15,MÃ©xico,0,Total de la entidad MÃ©xico,16999194
15,MÃ©xico,1,Acambay de RuÃ­z CastaÃ±eda,135748
15,MÃ©xico,2,Acolman,343021
15,MÃ©xico,3,Aculco,98534
15,MÃ©xico,4,Almoloya de Alquisiras,30666
15,MÃ©xico,5,Almoloya de JuÃ¡rez,349190
15,MÃ©xico,6,Almoloya del RÃ­o,25388
15,MÃ©xico,7,Amanalco,47350
15,MÃ©xico,8,Amatepec,50552
15,MÃ©xico,9,Amecameca,106927
15,MÃ©xico,10,Apaxco,63796
15,MÃ©xico,11,Atenco,150978
15,MÃ©xico,12,AtizapÃ¡n,25971
15,MÃ©xico,13,AtizapÃ¡n de Zaragoza,1047348
15,MÃ©xico,14,Atlacomulco,218805
15,MÃ©xico,15,Atlautla,63815
15,MÃ©xico,16,Axapusco,58277
15,MÃ©xico,17,Ayapango,20165
15,MÃ©xico,18,Calimaya,136980
15,MÃ©xico,19,Capulhuac,73849
15,MÃ©xico,20,Coacalco de BerriozÃ¡bal,586893
15,MÃ©xico,21,Coatepec Harinas,77291
15,MÃ©xico,22,CocotitlÃ¡n,30230
15,MÃ©xico,23,Coyotepec,81775
15,MÃ©xico,24,CuautitlÃ¡n,357710
15,MÃ©xico,25,Chalco,800118
15,MÃ©xico,26,Chapa de Mota,63476
15,MÃ©xico,27,Chapultepec,25544
15,MÃ©xico,28,Chiautla,60090
15,MÃ©xico,29,Chicoloapan,401500
15,MÃ©xico,30,Chiconcuac,55384
15,MÃ©xico,31,ChimalhuacÃ¡n,1410386
15,MÃ©xico,32,Donato Guerra,74880
15,MÃ©xico,33,Ecatepec de Morelos,3290704
15,MÃ©xico,34,Ecatzingo,21657
15,MÃ©xico,35,Huehuetoca,326492
15,MÃ©xico,36,Hueypoxtla,93514
15,MÃ©xico,37,Huixquilucan,569934
15,MÃ©xico,38,Isidro Fabela,23858
15,MÃ©xico,39,Ixtapaluca,1084460
15,MÃ©xico,40,Ixtapan de la Sal,73822
15,MÃ©xico,41,Ixtapan del Oro,12950
15,MÃ©xico,42,Ixtlahuaca,320278
15,MÃ©xico,43,Xalatlaco,61382
15,MÃ©xico,44,Jaltenco,56434
15,MÃ©xico,45,Jilotepec,175342
15,MÃ©xico,46,Jilotzingo,39754
15,MÃ©xico,47,Jiquipilco,153661
15,MÃ©xico,48,JocotitlÃ¡n,138550
15,MÃ©xico,49,Joquicingo,30856
15,MÃ©xico,50,Juchitepec,54267
15,MÃ©xico,51,Lerma,340662
15,MÃ©xico,52,Malinalco,56311
15,MÃ©xico,53,Melchor Ocampo,122445
15,MÃ©xico,54,Metepec,484614
15,MÃ©xico,55,Mexicaltzingo,27614
15,MÃ©xico,56,Morelos,66350
15,MÃ©xico,57,Naucalpan de JuÃ¡rez,1668874
15,MÃ©xico,58,NezahualcÃ³yotl,2158840
15,MÃ©xico,59,Nextlalpan,114178
15,MÃ©xico,60,NicolÃ¡s Romero,861202
15,MÃ©xico,61,Nopaltepec,20706
15,MÃ©xico,62,Ocoyoacac,144209
15,MÃ©xico,63,Ocuilan,72447
15,MÃ©xico,64,El Oro,73874
15,MÃ©xico,65,Otumba,73600
15,MÃ©xico,66,Otzoloapan,9825
15,MÃ©xico,67,Otzolotepec,177568
15,MÃ©xico,68,Ozumba,61585
15,MÃ©xico,69,Papalotla,9732
15,MÃ©xico,70,La Paz,608176
15,MÃ©xico,71,PolotitlÃ¡n,29976
15,MÃ©xico,72,RayÃ³n,31947
15,MÃ©xico,73,San Antonio la Isla,63924
15,MÃ©xico,74,San Felipe del Progreso,289848
15,MÃ©xico,75,San MartÃ­n de las PirÃ¡mides,58378
15,MÃ©xico,76,San Mateo Atenco,194836
15,MÃ©xico,77,San SimÃ³n de Guerrero,13392
15,MÃ©xico,78,Santo TomÃ¡s,19458
15,MÃ©xico,79,Soyaniquilpan de JuÃ¡rez,28646
15,MÃ©xico,80,Sultepec,48290
15,MÃ©xico,81,TecÃ¡mac,1095034
15,MÃ©xico,82,Tejupilco,158618
15,MÃ©xico,83,Temamatla,28280
15,MÃ©xico,84,Temascalapa,87186
15,MÃ©xico,85,Temascalcingo,132828
15,MÃ©xico,86,Temascaltepec,70039
15,MÃ©xico,87,Temoaya,211550
15,MÃ©xico,88,Tenancingo,209365
15,MÃ©xico,89,Tenango del Aire,22771
15,MÃ©xico,90,Tenango del Valle,181036
15,MÃ©xico,91,Teoloyucan,130918
15,MÃ©xico,92,TeotihuacÃ¡n,117024
15,MÃ©xico,93,Tepetlaoxtoc,65156
15,MÃ©xico,94,Tepetlixpa,41022
15,MÃ©xico,95,TepotzotlÃ¡n,207397
15,MÃ©xico,96,Tequixquiac,78980
15,MÃ©xico,97,TexcaltitlÃ¡n,36970
15,MÃ©xico,98,Texcalyacac,11472
15,MÃ©xico,99,Texcoco,555153
15,MÃ©xico,100,Tezoyuca,94088
15,MÃ©xico,101,Tianguistenco,168518
15,MÃ©xico,102,Timilpan,32828
15,MÃ©xico,103,Tlalmanalco,98477
15,MÃ©xico,104,Tlalnepantla de Baz,1344404
15,MÃ©xico,105,Tlatlaya,63585
15,MÃ©xico,106,Toluca,1821244
15,MÃ©xico,107,Tonatico,25824
15,MÃ©xico,108,Tultepec,315296
15,MÃ©xico,109,TultitlÃ¡n,1032682
15,MÃ©xico,110,Valle de Bravo,123214
15,MÃ©xico,111,Villa de Allende,106556
15,MÃ©xico,112,Villa del CarbÃ³n,103005
15,MÃ©xico,113,Villa Guerrero,138172
15,MÃ©xico,114,Villa Victoria,216402
15,MÃ©xico,115,XonacatlÃ¡n,109266
15,MÃ©xico,116,Zacazonapan,10218
15,MÃ©xico,117,Zacualpan,27054
15,MÃ©xico,118,Zinacantepec,407748
15,MÃ©xico,119,ZumpahuacÃ¡n,37666
15,MÃ©xico,120,Zumpango,560944
15,MÃ©xico,121,CuautitlÃ¡n Izcalli,1110326
15,MÃ©xico,122,Valle de Chalco Solidaridad,783476
15,MÃ©xico,123,Luvianos,57822
15,MÃ©xico,124,San JosÃ© del RincÃ³n,200164
15,MÃ©xico,125,Tonanitla,29775
16,MichoacÃ¡n de Ocampo,0,Total de la entidad MichoacÃ¡n de Ocampo,4766697
16,MichoacÃ¡n de Ocampo,1,Acuitzio,22627
16,MichoacÃ¡n de Ocampo,2,Aguililla,29878
16,MichoacÃ¡n de Ocampo,3,Ãlvaro ObregÃ³n,46058
16,MichoacÃ¡n de Ocampo,4,Angamacutiro,29903
16,MichoacÃ¡n de Ocampo,5,Angangueo,21788
16,MichoacÃ¡n de Ocampo,6,ApatzingÃ¡n,252767
16,MichoacÃ¡n de Ocampo,7,Aporo,7065
16,MichoacÃ¡n de Ocampo,8,Aquila,50544
16,MichoacÃ¡n de Ocampo,9,Ario,72628
16,MichoacÃ¡n de Ocampo,10,Arteaga,41560
16,MichoacÃ¡n de Ocampo,11,BriseÃ±as,23370
16,MichoacÃ¡n de Ocampo,12,Buenavista,91204
16,MichoacÃ¡n de Ocampo,13,CarÃ¡cuaro,18712
16,MichoacÃ¡n de Ocampo,14,Coahuayana,34237
16,MichoacÃ¡n de Ocampo,15,CoalcomÃ¡n de VÃ¡zquez Pallares,40434
16,MichoacÃ¡n de Ocampo,16,Coeneo,41943
16,MichoacÃ¡n de Ocampo,17,Contepec,70159
16,MichoacÃ¡n de Ocampo,18,CopÃ¡ndaro,18974
16,MichoacÃ¡n de Ocampo,19,Cotija,40485
16,MichoacÃ¡n de Ocampo,20,Cuitzeo,59833
16,MichoacÃ¡n de Ocampo,21,Charapan,27089
16,MichoacÃ¡n de Ocampo,22,Charo,53215
16,MichoacÃ¡n de Ocampo,23,Chavinda,20836
16,MichoacÃ¡n de Ocampo,24,CherÃ¡n,41193
16,MichoacÃ¡n de Ocampo,25,Chilchota,81131
16,MichoacÃ¡n de Ocampo,26,Chinicuila,9819
16,MichoacÃ¡n de Ocampo,27,ChucÃ¡ndiro,9894
16,MichoacÃ¡n de Ocampo,28,Churintzio,10468
16,MichoacÃ¡n de Ocampo,29,Churumuco,24764
16,MichoacÃ¡n de Ocampo,30,Ecuandureo,23702
16,MichoacÃ¡n de Ocampo,31,Epitacio Huerta,32256
16,MichoacÃ¡n de Ocampo,32,ErongarÃ­cuaro,31438
16,MichoacÃ¡n de Ocampo,33,Gabriel Zamora,42992
16,MichoacÃ¡n de Ocampo,34,Hidalgo,251731
16,MichoacÃ¡n de Ocampo,35,La Huacana,61391
16,MichoacÃ¡n de Ocampo,36,Huandacareo,23308
16,MichoacÃ¡n de Ocampo,37,Huaniqueo,15891
16,MichoacÃ¡n de Ocampo,38,Huetamo,84356
16,MichoacÃ¡n de Ocampo,39,Huiramba,18035
16,MichoacÃ¡n de Ocampo,40,Indaparapeo,36794
16,MichoacÃ¡n de Ocampo,41,Irimbo,32087
16,MichoacÃ¡n de Ocampo,42,IxtlÃ¡n,28618
16,MichoacÃ¡n de Ocampo,43,Jacona,137663
16,MichoacÃ¡n de Ocampo,44,JimÃ©nez,25919
16,MichoacÃ¡n de Ocampo,45,Jiquilpan,72344
16,MichoacÃ¡n de Ocampo,46,JuÃ¡rez,29896
16,MichoacÃ¡n de Ocampo,47,Jungapeo,39735
16,MichoacÃ¡n de Ocampo,48,Lagunillas,11496
16,MichoacÃ¡n de Ocampo,49,Madero,38854
16,MichoacÃ¡n de Ocampo,50,MaravatÃ­o,178639
16,MichoacÃ¡n de Ocampo,51,Marcos Castellanos,27998
16,MichoacÃ¡n de Ocampo,52,LÃ¡zaro CÃ¡rdenas,392384
16,MichoacÃ¡n de Ocampo,53,Morelia,1698370
16,MichoacÃ¡n de Ocampo,54,Morelos,15968
16,MichoacÃ¡n de Ocampo,55,MÃºgica,91536
16,MichoacÃ¡n de Ocampo,56,Nahuatzen,65211
16,MichoacÃ¡n de Ocampo,57,NocupÃ©taro,16817
16,MichoacÃ¡n de Ocampo,58,Nuevo Parangaricutiro,42098
16,MichoacÃ¡n de Ocampo,59,Nuevo Urecho,18076
16,MichoacÃ¡n de Ocampo,60,NumarÃ¡n,18895
16,MichoacÃ¡n de Ocampo,61,Ocampo,49548
16,MichoacÃ¡n de Ocampo,62,PajacuarÃ¡n,42067
16,MichoacÃ¡n de Ocampo,63,PanindÃ­cuaro,29796
16,MichoacÃ¡n de Ocampo,64,ParÃ¡cuaro,53882
16,MichoacÃ¡n de Ocampo,65,Paracho,79354
16,MichoacÃ¡n de Ocampo,66,PÃ¡tzcuaro,196823
16,MichoacÃ¡n de Ocampo,67,Penjamillo,33267
16,MichoacÃ¡n de Ocampo,68,PeribÃ¡n,58903
16,MichoacÃ¡n de Ocampo,69,La Piedad,213560
16,MichoacÃ¡n de Ocampo,70,PurÃ©pero,31023
16,MichoacÃ¡n de Ocampo,71,PuruÃ¡ndiro,138538
16,MichoacÃ¡n de Ocampo,72,QuerÃ©ndaro,27957
16,MichoacÃ¡n de Ocampo,73,Quiroga,54364
16,MichoacÃ¡n de Ocampo,74,CojumatlÃ¡n de RÃ©gules,21106
16,MichoacÃ¡n de Ocampo,75,Los Reyes,157921
16,MichoacÃ¡n de Ocampo,76,Sahuayo,156991
16,MichoacÃ¡n de Ocampo,77,San Lucas,35442
16,MichoacÃ¡n de Ocampo,78,Santa Ana Maya,25652
16,MichoacÃ¡n de Ocampo,79,Salvador Escalante,99859
16,MichoacÃ¡n de Ocampo,80,Senguio,39717
16,MichoacÃ¡n de Ocampo,81,Susupuato,18217
16,MichoacÃ¡n de Ocampo,82,TacÃ¡mbaro,159217
16,MichoacÃ¡n de Ocampo,83,TancÃ­taro,66993
16,MichoacÃ¡n de Ocampo,84,Tangamandapio,63469
16,MichoacÃ¡n de Ocampo,85,TangancÃ­cuaro,70549
16,MichoacÃ¡n de Ocampo,86,Tanhuato,31083
16,MichoacÃ¡n de Ocampo,87,Taretan,31182
16,MichoacÃ¡n de Ocampo,88,TarÃ­mbaro,229106
16,MichoacÃ¡n de Ocampo,89,Tepalcatepec,48244
16,MichoacÃ¡n de Ocampo,90,Tingambato,32687
16,MichoacÃ¡n de Ocampo,91,TingÃ¼indÃ­n,29891
16,MichoacÃ¡n de Ocampo,92,Tiquicheo de NicolÃ¡s Romero,26032
16,MichoacÃ¡n de Ocampo,93,Tlalpujahua,57112
16,MichoacÃ¡n de Ocampo,94,Tlazazalca,12844
16,MichoacÃ¡n de Ocampo,95,Tocumbo,24835
16,MichoacÃ¡n de Ocampo,96,TumbiscatÃ­o,12444
16,MichoacÃ¡n de Ocampo,97,Turicato,58550
16,MichoacÃ¡n de Ocampo,98,Tuxpan,51578
16,MichoacÃ¡n de Ocampo,99,Tuzantla,28923
16,MichoacÃ¡n de Ocampo,100,Tzintzuntzan,29822
16,MichoacÃ¡n de Ocampo,101,Tzitzio,18452
16,MichoacÃ¡n de Ocampo,102,Uruapan,714213
16,MichoacÃ¡n de Ocampo,103,Venustiano Carranza,46983
16,MichoacÃ¡n de Ocampo,104,Villamar,31757
16,MichoacÃ¡n de Ocampo,105,Vista Hermosa,41992
16,MichoacÃ¡n de Ocampo,106,YurÃ©cuaro,64608
16,MichoacÃ¡n de Ocampo,107,Zacapu,153738
16,MichoacÃ¡n de Ocampo,108,Zamora,410112
16,MichoacÃ¡n de Ocampo,109,ZinÃ¡paro,6467
16,MichoacÃ¡n de Ocampo,110,ZinapÃ©cuaro,98105
16,MichoacÃ¡n de Ocampo,111,Ziracuaretiro,36860
16,MichoacÃ¡n de Ocampo,112,ZitÃ¡cuaro,314188
16,MichoacÃ¡n de Ocampo,113,JosÃ© Sixto Verduzco,52444
17,Morelos,0,Total de la entidad Morelos,1973505
17,Morelos,1,Amacuzac,35222
17,Morelos,2,Atlatlahucan,50484
17,Morelos,3,Axochiapan,78404
17,Morelos,4,Ayala,179828
17,Morelos,5,CoatlÃ¡n del RÃ­o,21873
17,Morelos,6,Cuautla,374267
17,Morelos,7,Cuernavaca,756977
17,Morelos,8,Emiliano Zapata,214139
17,Morelos,9,Huitzilac,49036
17,Morelos,10,Jantetelco,36829
17,Morelos,11,Jiutepec,430714
17,Morelos,12,Jojutla,115422
17,Morelos,13,Jonacatepec de Leandro Valle,33410
17,Morelos,14,Mazatepec,19317
17,Morelos,15,MiacatlÃ¡n,31620
17,Morelos,16,Ocuituco,38471
17,Morelos,17,Puente de Ixtla,80083
17,Morelos,18,Temixco,244538
17,Morelos,19,Tepalcingo,56281
17,Morelos,20,TepoztlÃ¡n,110017
17,Morelos,21,Tetecala,15255
17,Morelos,22,Tetela del VolcÃ¡n,29757
17,Morelos,23,Tlalnepantla,15891
17,Morelos,24,TlaltizapÃ¡n de Zapata,104886
17,Morelos,25,Tlaquiltenango,67595
17,Morelos,26,Tlayacapan,38862
17,Morelos,27,Totolapan,25515
17,Morelos,28,Xochitepec,147168
17,Morelos,29,Yautepec,211577
17,Morelos,30,Yecapixtla,112224
17,Morelos,31,Zacatepec,72189
17,Morelos,32,Zacualpan de Amilpas,19957
17,Morelos,33,Temoac,33152
17,Morelos,34,Coatetelco,22704
17,Morelos,35,Xoxocotla,55623
17,Morelos,36,Hueyapan,15738
18,Nayarit,0,Total de la entidad Nayarit,1243615
18,Nayarit,1,Acaponeta,74699
18,Nayarit,2,AhuacatlÃ¡n,30951
18,Nayarit,3,AmatlÃ¡n de CaÃ±as,23126
18,Nayarit,4,Compostela,155423
18,Nayarit,5,Huajicori,24863
18,Nayarit,6,IxtlÃ¡n del RÃ­o,58711
18,Nayarit,7,Jala,38740
18,Nayarit,8,Xalisco,130738
18,Nayarit,9,Del Nayar,96640
18,Nayarit,10,Rosamorada,67215
18,Nayarit,11,RuÃ­z,48394
18,Nayarit,12,San Blas,83157
18,Nayarit,13,San Pedro Lagunillas,15399
18,Nayarit,14,Santa MarÃ­a del Oro,50137
18,Nayarit,15,Santiago Ixcuintla,188218
18,Nayarit,16,Tecuala,74421
18,Nayarit,17,Tepic,853682
18,Nayarit,18,Tuxpan,60175
18,Nayarit,19,La Yesca,28532
18,Nayarit,20,BahÃ­a de Banderas,375850
19,Nuevo LeÃ³n,0,Total de la entidad Nuevo LeÃ³n,5795681
19,Nuevo LeÃ³n,1,Abasolo,5992
19,Nuevo LeÃ³n,2,Agualeguas,6882
19,Nuevo LeÃ³n,3,Los Aldamas,2829
19,Nuevo LeÃ³n,4,Allende,70645
19,Nuevo LeÃ³n,5,AnÃ¡huac,36535
19,Nuevo LeÃ³n,6,Apodaca,1313074
19,Nuevo LeÃ³n,7,Aramberri,30244
19,Nuevo LeÃ³n,8,Bustamante,7423
19,Nuevo LeÃ³n,9,Cadereyta JimÃ©nez,247082
19,Nuevo LeÃ³n,10,El Carmen,209004
19,Nuevo LeÃ³n,11,Cerralvo,14850
19,Nuevo LeÃ³n,12,CiÃ©nega de Flores,137563
19,Nuevo LeÃ³n,13,China,20369
19,Nuevo LeÃ³n,14,Doctor Arroyo,72457
19,Nuevo LeÃ³n,15,Doctor Coss,2873
19,Nuevo LeÃ³n,16,Doctor GonzÃ¡lez,6725
19,Nuevo LeÃ³n,17,Galeana,82286
19,Nuevo LeÃ³n,18,GarcÃ­a,794535
19,Nuevo LeÃ³n,19,San Pedro Garza GarcÃ­a,264351
19,Nuevo LeÃ³n,20,General Bravo,11239
19,Nuevo LeÃ³n,21,General Escobedo,962458
19,Nuevo LeÃ³n,22,General TerÃ¡n,28769
19,Nuevo LeÃ³n,23,General TreviÃ±o,3655
19,Nuevo LeÃ³n,24,General Zaragoza,12780
19,Nuevo LeÃ³n,25,General Zuazua,204434
19,Nuevo LeÃ³n,26,Guadalupe,1286299
19,Nuevo LeÃ³n,27,Los Herreras,3968
19,Nuevo LeÃ³n,28,Higueras,2855
19,Nuevo LeÃ³n,29,Hualahuises,14192
19,Nuevo LeÃ³n,30,Iturbide,6690
19,Nuevo LeÃ³n,31,JuÃ¡rez,943247
19,Nuevo LeÃ³n,32,Lampazos de Naranjo,10774
19,Nuevo LeÃ³n,33,Linares,170212
19,Nuevo LeÃ³n,34,MarÃ­n,10295
19,Nuevo LeÃ³n,35,Melchor Ocampo,2983
19,Nuevo LeÃ³n,36,Mier y Noriega,15323
19,Nuevo LeÃ³n,37,Mina,12193
19,Nuevo LeÃ³n,38,Montemorelos,135661
19,Nuevo LeÃ³n,39,Monterrey,2286003
19,Nuevo LeÃ³n,40,ParÃ¡s,1859
19,Nuevo LeÃ³n,41,PesquerÃ­a,295529
19,Nuevo LeÃ³n,42,Los Ramones,11037
19,Nuevo LeÃ³n,43,Rayones,4914
19,Nuevo LeÃ³n,44,Sabinas Hidalgo,69590
19,Nuevo LeÃ³n,45,Salinas Victoria,173903
19,Nuevo LeÃ³n,46,San NicolÃ¡s de los Garza,824398
19,Nuevo LeÃ³n,47,Hidalgo,32183
19,Nuevo LeÃ³n,48,Santa Catarina,612715
19,Nuevo LeÃ³n,49,Santiago,93812
19,Nuevo LeÃ³n,50,Vallecillo,3235
19,Nuevo LeÃ³n,51,Villaldama,7199
20,Oaxaca,0,Total de la entidad Oaxaca,4141974
20,Oaxaca,1,Abejones,1682
20,Oaxaca,2,AcatlÃ¡n de PÃ©rez Figueroa,90540
20,Oaxaca,3,AsunciÃ³n Cacalotepec,5094
20,Oaxaca,4,AsunciÃ³n Cuyotepeji,2215
20,Oaxaca,5,AsunciÃ³n Ixtaltepec,30647
20,Oaxaca,6,AsunciÃ³n NochixtlÃ¡n,41004
20,Oaxaca,7,AsunciÃ³n OcotlÃ¡n,4790
20,Oaxaca,8,AsunciÃ³n Tlacolulita,1468
20,Oaxaca,9,Ayotzintepec,13714
20,Oaxaca,10,El Barrio de la Soledad,26992
20,Oaxaca,11,CalihualÃ¡,2804
20,Oaxaca,12,Candelaria Loxicha,22419
20,Oaxaca,13,CiÃ©nega de ZimatlÃ¡n,6101
20,Oaxaca,14,Ciudad Ixtepec,56205
20,Oaxaca,15,Coatecas Altas,10721
20,Oaxaca,16,CoicoyÃ¡n de las Flores,19126
20,Oaxaca,17,La CompaÃ±Ã­a,7214
20,Oaxaca,18,ConcepciÃ³n Buenavista,1506
20,Oaxaca,19,ConcepciÃ³n PÃ¡palo,5519
20,Oaxaca,20,Constancia del Rosario,9717
20,Oaxaca,21,Cosolapa,28994
20,Oaxaca,22,Cosoltepec,1616
20,Oaxaca,23,CuilÃ¡pam de Guerrero,53774
20,Oaxaca,24,Cuyamecalco Villa de Zaragoza,7303
20,Oaxaca,25,Chahuites,22721
20,Oaxaca,26,Chalcatongo de Hidalgo,18075
20,Oaxaca,27,ChiquihuitlÃ¡n de Benito JuÃ¡rez,4362
20,Oaxaca,28,Heroica Ciudad de Ejutla de Crespo,46307
20,Oaxaca,29,EloxochitlÃ¡n de Flores MagÃ³n,8430
20,Oaxaca,30,El Espinal,17686
20,Oaxaca,31,TamazulÃ¡pam del EspÃ­ritu Santo,14374
20,Oaxaca,32,Fresnillo de Trujano,2154
20,Oaxaca,33,Guadalupe Etla,5858
20,Oaxaca,34,Guadalupe de RamÃ­rez,2576
20,Oaxaca,35,Guelatao de JuÃ¡rez,1328
20,Oaxaca,36,Guevea de Humboldt,10531
20,Oaxaca,37,Mesones Hidalgo,8865
20,Oaxaca,38,Villa Hidalgo,3775
20,Oaxaca,39,Heroica Ciudad de Huajuapan de LeÃ³n,156626
20,Oaxaca,40,Huautepec,12777
20,Oaxaca,41,Huautla de JimÃ©nez,63436
20,Oaxaca,42,IxtlÃ¡n de JuÃ¡rez,16775
20,Oaxaca,43,JuchitÃ¡n de Zaragoza,227454
20,Oaxaca,44,Loma Bonita,82252
20,Oaxaca,45,Magdalena Apasco,15780
20,Oaxaca,46,Magdalena Jaltepec,5900
20,Oaxaca,47,Santa Magdalena JicotlÃ¡n,163
20,Oaxaca,48,Magdalena Mixtepec,2868
20,Oaxaca,49,Magdalena OcotlÃ¡n,2368
20,Oaxaca,50,Magdalena PeÃ±asco,7500
20,Oaxaca,51,Magdalena Teitipac,9528
20,Oaxaca,52,Magdalena TequisistlÃ¡n,11995
20,Oaxaca,53,Magdalena Tlacotepec,2603
20,Oaxaca,54,Magdalena ZahuatlÃ¡n,808
20,Oaxaca,55,Mariscala de JuÃ¡rez,7486
20,Oaxaca,56,MÃ¡rtires de Tacubaya,2903
20,Oaxaca,57,MatÃ­as Romero AvendaÃ±o,76687
20,Oaxaca,58,MazatlÃ¡n Villa de Flores,25485
20,Oaxaca,59,MiahuatlÃ¡n de Porfirio DÃ­az,100789
20,Oaxaca,60,MixistlÃ¡n de la Reforma,4974
20,Oaxaca,61,Monjas,5786
20,Oaxaca,62,Natividad,996
20,Oaxaca,63,Nazareno Etla,8586
20,Oaxaca,64,Nejapa de Madero,17020
20,Oaxaca,65,Ixpantepec Nieves,2162
20,Oaxaca,66,Santiago Niltepec,10737
20,Oaxaca,67,Oaxaca de JuÃ¡rez,541947
20,Oaxaca,68,OcotlÃ¡n de Morelos,47525
20,Oaxaca,69,La Pe,6104
20,Oaxaca,70,Pinotepa de Don Luis,12861
20,Oaxaca,71,Pluma Hidalgo,6764
20,Oaxaca,72,San JosÃ© del Progreso,16118
20,Oaxaca,73,Putla Villa de Guerrero,69316
20,Oaxaca,74,Santa Catarina Quioquitani,912
20,Oaxaca,75,Reforma de Pineda,5320
20,Oaxaca,76,La Reforma,6827
20,Oaxaca,77,Reyes Etla,8740
20,Oaxaca,78,Rojas de CuauhtÃ©moc,2602
20,Oaxaca,79,Salina Cruz,168887
20,Oaxaca,80,San AgustÃ­n Amatengo,3188
20,Oaxaca,81,San AgustÃ­n Atenango,3742
20,Oaxaca,82,San AgustÃ­n Chayuco,8331
20,Oaxaca,83,San AgustÃ­n de las Juntas,22782
20,Oaxaca,84,San AgustÃ­n Etla,8338
20,Oaxaca,85,San AgustÃ­n Loxicha,52428
20,Oaxaca,86,San AgustÃ­n Tlacotepec,2071
20,Oaxaca,87,San AgustÃ­n Yatareni,11042
20,Oaxaca,88,San AndrÃ©s Cabecera Nueva,5818
20,Oaxaca,89,San AndrÃ©s Dinicuiti,4621
20,Oaxaca,90,San AndrÃ©s Huaxpaltepec,12487
20,Oaxaca,91,San AndrÃ©s HuayÃ¡pam,12567
20,Oaxaca,92,San AndrÃ©s Ixtlahuaca,3552
20,Oaxaca,93,San AndrÃ©s Lagunas,1037
20,Oaxaca,94,San AndrÃ©s NuxiÃ±o,3712
20,Oaxaca,95,San AndrÃ©s PaxtlÃ¡n,9124
20,Oaxaca,96,San AndrÃ©s Sinaxtla,1513
20,Oaxaca,97,San AndrÃ©s Solaga,3542
20,Oaxaca,98,San AndrÃ©s TeotilÃ¡lpam,8486
20,Oaxaca,99,San AndrÃ©s Tepetlapa,762
20,Oaxaca,100,San AndrÃ©s YaÃ¡,793
20,Oaxaca,101,San AndrÃ©s Zabache,1496
20,Oaxaca,102,San AndrÃ©s Zautla,10657
20,Oaxaca,103,San Antonino Castillo Velasco,12128
20,Oaxaca,104,San Antonino el Alto,5413
20,Oaxaca,105,San Antonino Monte Verde,15356
20,Oaxaca,106,San Antonio Acutla,505
20,Oaxaca,107,San Antonio de la Cal,52564
20,Oaxaca,108,San Antonio Huitepec,5911
20,Oaxaca,109,San Antonio NanahuatÃ­pam,2464
20,Oaxaca,110,San Antonio Sinicahua,3336
20,Oaxaca,111,San Antonio Tepetlapa,9746
20,Oaxaca,112,San Baltazar ChichicÃ¡pam,5154
20,Oaxaca,113,San Baltazar Loxicha,6351
20,Oaxaca,114,San Baltazar Yatzachi el Bajo,1348
20,Oaxaca,115,San Bartolo Coyotepec,20801
20,Oaxaca,116,San BartolomÃ© Ayautla,8262
20,Oaxaca,117,San BartolomÃ© Loxicha,4435
20,Oaxaca,118,San BartolomÃ© Quialana,4800
20,Oaxaca,119,San BartolomÃ© YucuaÃ±e,1483
20,Oaxaca,120,San BartolomÃ© Zoogocho,898
20,Oaxaca,121,San Bartolo Soyaltepec,1201
20,Oaxaca,122,San Bartolo Yautepec,1315
20,Oaxaca,123,San Bernardo Mixtepec,5662
20,Oaxaca,124,San Blas Atempa,39426
20,Oaxaca,125,San Carlos Yautepec,23339
20,Oaxaca,126,San CristÃ³bal AmatlÃ¡n,10797
20,Oaxaca,127,San CristÃ³bal Amoltepec,2504
20,Oaxaca,128,San CristÃ³bal Lachirioag,2684
20,Oaxaca,129,San CristÃ³bal Suchixtlahuaca,728
20,Oaxaca,130,San Dionisio del Mar,10368
20,Oaxaca,131,San Dionisio Ocotepec,22852
20,Oaxaca,132,San Dionisio OcotlÃ¡n,2768
20,Oaxaca,133,San Esteban Atatlahuca,7876
20,Oaxaca,134,San Felipe Jalapa de DÃ­az,57007
20,Oaxaca,135,San Felipe TejalÃ¡pam,16483
20,Oaxaca,136,San Felipe Usila,24385
20,Oaxaca,137,San Francisco CahuacuÃ¡,6934
20,Oaxaca,138,San Francisco Cajonos,902
20,Oaxaca,139,San Francisco Chapulapa,4399
20,Oaxaca,140,San Francisco ChindÃºa,1624
20,Oaxaca,141,San Francisco del Mar,17457
20,Oaxaca,142,San Francisco HuehuetlÃ¡n,1684
20,Oaxaca,143,San Francisco IxhuatÃ¡n,18925
20,Oaxaca,144,San Francisco Jaltepetongo,2150
20,Oaxaca,145,San Francisco LachigolÃ³,10430
20,Oaxaca,146,San Francisco Logueche,5606
20,Oaxaca,147,San Francisco NuxaÃ±o,763
20,Oaxaca,148,San Francisco Ozolotepec,4364
20,Oaxaca,149,San Francisco Sola,4048
20,Oaxaca,150,San Francisco Telixtlahuaca,27723
20,Oaxaca,151,San Francisco Teopan,624
20,Oaxaca,152,San Francisco Tlapancingo,4944
20,Oaxaca,153,San Gabriel Mixtepec,9833
20,Oaxaca,154,San Ildefonso AmatlÃ¡n,4658
20,Oaxaca,155,San Ildefonso Sola,2131
20,Oaxaca,156,San Ildefonso Villa Alta,7357
20,Oaxaca,157,San Jacinto Amilpas,33654
20,Oaxaca,158,San Jacinto Tlacotepec,4466
20,Oaxaca,159,San JerÃ³nimo CoatlÃ¡n,11113
20,Oaxaca,160,San JerÃ³nimo Silacayoapilla,2858
20,Oaxaca,161,San JerÃ³nimo Sosola,5494
20,Oaxaca,162,San JerÃ³nimo Taviche,4117
20,Oaxaca,163,San JerÃ³nimo TecÃ³atl,3155
20,Oaxaca,164,San Jorge Nuchita,5762
20,Oaxaca,165,San JosÃ© Ayuquila,3258
20,Oaxaca,166,San JosÃ© Chiltepec,22647
20,Oaxaca,167,San JosÃ© del PeÃ±asco,4298
20,Oaxaca,168,San JosÃ© Estancia Grande,1894
20,Oaxaca,169,San JosÃ© Independencia,8502
20,Oaxaca,170,San JosÃ© Lachiguiri,7400
20,Oaxaca,171,San JosÃ© Tenango,36223
20,Oaxaca,172,San Juan Achiutla,827
20,Oaxaca,173,San Juan Atepec,2917
20,Oaxaca,174,Ãnimas Trujano,9134
20,Oaxaca,175,San Juan Bautista Atatlahuca,2848
20,Oaxaca,176,San Juan Bautista Coixtlahuaca,5487
20,Oaxaca,177,San Juan Bautista CuicatlÃ¡n,20759
20,Oaxaca,178,San Juan Bautista Guelache,13384
20,Oaxaca,179,San Juan Bautista JayacatlÃ¡n,2894
20,Oaxaca,180,San Juan Bautista Lo de Soto,4689
20,Oaxaca,181,San Juan Bautista Suchitepec,916
20,Oaxaca,182,San Juan Bautista Tlacoatzintepec,4362
20,Oaxaca,183,San Juan Bautista Tlachichilco,2953
20,Oaxaca,184,San Juan Bautista Tuxtepec,319219
20,Oaxaca,185,San Juan Cacahuatepec,17878
20,Oaxaca,186,San Juan Cieneguilla,1049
20,Oaxaca,187,San Juan CoatzÃ³spam,3618
20,Oaxaca,188,San Juan Colorado,19220
20,Oaxaca,189,San Juan Comaltepec,6232
20,Oaxaca,190,San Juan CotzocÃ³n,45205
20,Oaxaca,191,San Juan ChicomezÃºchil,610
20,Oaxaca,192,San Juan Chilateca,3044
20,Oaxaca,193,San Juan del Estado,5614
20,Oaxaca,194,San Juan del RÃ­o,2746
20,Oaxaca,195,San Juan Diuxi,2112
20,Oaxaca,196,San Juan Evangelista Analco,818
20,Oaxaca,197,San Juan GuelavÃ­a,6582
20,Oaxaca,198,San Juan Guichicovi,59678
20,Oaxaca,199,San Juan Ihualtepec,997
20,Oaxaca,200,San Juan Juquila Mixes,7433
20,Oaxaca,201,San Juan Juquila Vijanos,3760
20,Oaxaca,202,San Juan Lachao,9233
20,Oaxaca,203,San Juan Lachigalla,7076
20,Oaxaca,204,San Juan Lajarcia,1268
20,Oaxaca,205,San Juan Lalana,33996
20,Oaxaca,206,San Juan de los CuÃ©s,4855
20,Oaxaca,207,San Juan MazatlÃ¡n,38092
20,Oaxaca,208,San Juan Mixtepec,13887
20,Oaxaca,209,San Juan Mixtepec,1214
20,Oaxaca,210,San Juan ÃumÃ­,11549
20,Oaxaca,211,San Juan Ozolotepec,6824
20,Oaxaca,212,San Juan Petlapa,6234
20,Oaxaca,213,San Juan Quiahije,8412
20,Oaxaca,214,San Juan Quiotepec,4068
20,Oaxaca,215,San Juan Sayultepec,1758
20,Oaxaca,216,San Juan TabaÃ¡,2482
20,Oaxaca,217,San Juan Tamazola,6773
20,Oaxaca,218,San Juan Teita,1091
20,Oaxaca,219,San Juan Teitipac,5349
20,Oaxaca,220,San Juan Tepeuxila,5395
20,Oaxaca,221,San Juan Teposcolula,2997
20,Oaxaca,222,San Juan YaeÃ©,2852
20,Oaxaca,223,San Juan Yatzona,880
20,Oaxaca,224,San Juan Yucuita,1292
20,Oaxaca,225,San Lorenzo,11806
20,Oaxaca,226,San Lorenzo Albarradas,5990
20,Oaxaca,227,San Lorenzo Cacaotepec,36721
20,Oaxaca,228,San Lorenzo Cuaunecuiltitla,1666
20,Oaxaca,229,San Lorenzo TexmelÃºcan,18303
20,Oaxaca,230,San Lorenzo Victoria,1864
20,Oaxaca,231,San Lucas CamotlÃ¡n,6374
20,Oaxaca,232,San Lucas OjitlÃ¡n,44379
20,Oaxaca,233,San Lucas QuiavinÃ­,3446
20,Oaxaca,234,San Lucas ZoquiÃ¡pam,14326
20,Oaxaca,235,San Luis AmatlÃ¡n,7672
20,Oaxaca,236,San Marcial Ozolotepec,2766
20,Oaxaca,237,San Marcos Arteaga,3140
20,Oaxaca,238,San MartÃ­n de los Cansecos,1988
20,Oaxaca,239,San MartÃ­n HuamelÃºlpam,2000
20,Oaxaca,240,San MartÃ­n Itunyoso,5510
20,Oaxaca,241,San MartÃ­n LachilÃ¡,2068
20,Oaxaca,242,San MartÃ­n Peras,24901
20,Oaxaca,243,San MartÃ­n Tilcajete,3963
20,Oaxaca,244,San MartÃ­n Toxpalan,7877
20,Oaxaca,245,San MartÃ­n Zacatepec,2655
20,Oaxaca,246,San Mateo Cajonos,1222
20,Oaxaca,247,CapulÃ¡lpam de MÃ©ndez,3238
20,Oaxaca,248,San Mateo del Mar,31142
20,Oaxaca,249,San Mateo YoloxochitlÃ¡n,7662
20,Oaxaca,250,San Mateo Etlatongo,2482
20,Oaxaca,251,San Mateo NejÃ¡pam,2440
20,Oaxaca,252,San Mateo PeÃ±asco,4768
20,Oaxaca,253,San Mateo PiÃ±as,4101
20,Oaxaca,254,San Mateo RÃ­o Hondo,6434
20,Oaxaca,255,San Mateo Sindihui,3954
20,Oaxaca,256,San Mateo Tlapiltepec,467
20,Oaxaca,257,San Melchor Betaza,2104
20,Oaxaca,258,San Miguel Achiutla,1396
20,Oaxaca,259,San Miguel AhuehuetitlÃ¡n,4286
20,Oaxaca,260,San Miguel AloÃ¡pam,4393
20,Oaxaca,261,San Miguel AmatitlÃ¡n,13864
20,Oaxaca,262,San Miguel AmatlÃ¡n,1996
20,Oaxaca,263,San Miguel CoatlÃ¡n,6383
20,Oaxaca,264,San Miguel Chicahua,4351
20,Oaxaca,265,San Miguel Chimalapa,13466
20,Oaxaca,266,San Miguel del Puerto,17210
20,Oaxaca,267,San Miguel del RÃ­o,490
20,Oaxaca,268,San Miguel Ejutla,2305
20,Oaxaca,269,San Miguel el Grande,8629
20,Oaxaca,270,San Miguel Huautla,2626
20,Oaxaca,271,San Miguel Mixtepec,6393
20,Oaxaca,272,San Miguel Panixtlahuaca,12517
20,Oaxaca,273,San Miguel Peras,7640
20,Oaxaca,274,San Miguel Piedras,2659
20,Oaxaca,275,San Miguel Quetzaltepec,14598
20,Oaxaca,276,San Miguel Santa Flor,1388
20,Oaxaca,277,Villa Sola de Vega,24818
20,Oaxaca,278,San Miguel Soyaltepec,77384
20,Oaxaca,279,San Miguel Suchixtepec,5900
20,Oaxaca,280,Villa Talea de Castro,4022
20,Oaxaca,281,San Miguel TecomatlÃ¡n,617
20,Oaxaca,282,San Miguel Tenango,1306
20,Oaxaca,283,San Miguel Tequixtepec,2088
20,Oaxaca,284,San Miguel TilquiÃ¡pam,6286
20,Oaxaca,285,San Miguel Tlacamama,7380
20,Oaxaca,286,San Miguel Tlacotepec,6210
20,Oaxaca,287,San Miguel Tulancingo,634
20,Oaxaca,288,San Miguel Yotao,1170
20,Oaxaca,289,San NicolÃ¡s,2428
20,Oaxaca,290,San NicolÃ¡s Hidalgo,2086
20,Oaxaca,291,San Pablo CoatlÃ¡n,8620
20,Oaxaca,292,San Pablo Cuatro Venados,3034
20,Oaxaca,293,San Pablo Etla,34243
20,Oaxaca,294,San Pablo Huitzo,14074
20,Oaxaca,295,San Pablo Huixtepec,20044
20,Oaxaca,296,San Pablo Macuiltianguis,1912
20,Oaxaca,297,San Pablo Tijaltepec,5503
20,Oaxaca,298,San Pablo Villa de Mitla,27185
20,Oaxaca,299,San Pablo Yaganiza,2250
20,Oaxaca,300,San Pedro Amuzgos,13271
20,Oaxaca,301,San Pedro ApÃ³stol,3192
20,Oaxaca,302,San Pedro Atoyac,9125
20,Oaxaca,303,San Pedro Cajonos,2162
20,Oaxaca,304,San Pedro Coxcaltepec CÃ¡ntaros,1438
20,Oaxaca,305,San Pedro Comitancillo,8678
20,Oaxaca,306,San Pedro el Alto,9333
20,Oaxaca,307,San Pedro Huamelula,19482
20,Oaxaca,308,San Pedro Huilotepec,6625
20,Oaxaca,309,San Pedro IxcatlÃ¡n,20736
20,Oaxaca,310,San Pedro Ixtlahuaca,29117
20,Oaxaca,311,San Pedro Jaltepetongo,967
20,Oaxaca,312,San Pedro JicayÃ¡n,22560
20,Oaxaca,313,San Pedro Jocotipac,1469
20,Oaxaca,314,San Pedro Juchatengo,3526
20,Oaxaca,315,San Pedro MÃ¡rtir,3798
20,Oaxaca,316,San Pedro MÃ¡rtir Quiechapa,1476
20,Oaxaca,317,San Pedro MÃ¡rtir Yucuxaco,2523
20,Oaxaca,318,San Pedro Mixtepec,99603
20,Oaxaca,319,San Pedro Mixtepec,1948
20,Oaxaca,320,San Pedro Molinos,1412
20,Oaxaca,321,San Pedro Nopala,1514
20,Oaxaca,322,San Pedro Ocopetatillo,1572
20,Oaxaca,323,San Pedro Ocotepec,4808
20,Oaxaca,324,San Pedro Pochutla,96504
20,Oaxaca,325,San Pedro Quiatoni,23879
20,Oaxaca,326,San Pedro SochiÃ¡pam,10118
20,Oaxaca,327,San Pedro Tapanatepec,31257
20,Oaxaca,328,San Pedro Taviche,2885
20,Oaxaca,329,San Pedro Teozacoalco,2306
20,Oaxaca,330,San Pedro Teutila,8596
20,Oaxaca,331,San Pedro TidaÃ¡,1964
20,Oaxaca,332,San Pedro Topiltepec,746
20,Oaxaca,333,San Pedro TotolÃ¡pam,6597
20,Oaxaca,334,Villa de Tututepec,101362
20,Oaxaca,335,San Pedro Yaneri,1734
20,Oaxaca,336,San Pedro YÃ³lox,3398
20,Oaxaca,337,San Pedro y San Pablo Ayutla,11251
20,Oaxaca,338,Villa de Etla,20722
20,Oaxaca,339,San Pedro y San Pablo Teposcolula,8718
20,Oaxaca,340,San Pedro y San Pablo Tequixtepec,3518
20,Oaxaca,341,San Pedro Yucunama,482
20,Oaxaca,342,San Raymundo Jalpan,8210
20,Oaxaca,343,San SebastiÃ¡n Abasolo,4010
20,Oaxaca,344,San SebastiÃ¡n CoatlÃ¡n,5629
20,Oaxaca,345,San SebastiÃ¡n Ixcapa,8381
20,Oaxaca,346,San SebastiÃ¡n Nicananduta,3084
20,Oaxaca,347,San SebastiÃ¡n RÃ­o Hondo,8404
20,Oaxaca,348,San SebastiÃ¡n Tecomaxtlahuaca,16421
20,Oaxaca,349,San SebastiÃ¡n Teitipac,4393
20,Oaxaca,350,San SebastiÃ¡n Tutla,33773
20,Oaxaca,351,San SimÃ³n Almolongas,5604
20,Oaxaca,352,San SimÃ³n ZahuatlÃ¡n,9880
20,Oaxaca,353,Santa Ana,4812
20,Oaxaca,354,Santa Ana Ateixtlahuaca,968
20,Oaxaca,355,Santa Ana CuauhtÃ©moc,1375
20,Oaxaca,356,Santa Ana del Valle,4358
20,Oaxaca,357,Santa Ana Tavela,1696
20,Oaxaca,358,Santa Ana Tlapacoyan,3916
20,Oaxaca,359,Santa Ana Yareni,1274
20,Oaxaca,360,Santa Ana Zegache,7971
20,Oaxaca,361,Santa Catalina QuierÃ­,1650
20,Oaxaca,362,Santa Catarina Cuixtla,2992
20,Oaxaca,363,Santa Catarina Ixtepeji,5367
20,Oaxaca,364,Santa Catarina Juquila,37354
20,Oaxaca,365,Santa Catarina Lachatao,2127
20,Oaxaca,366,Santa Catarina Loxicha,7379
20,Oaxaca,367,Santa Catarina MechoacÃ¡n,9182
20,Oaxaca,368,Santa Catarina Minas,4135
20,Oaxaca,369,Santa Catarina QuianÃ©,4393
20,Oaxaca,370,Santa Catarina Tayata,1340
20,Oaxaca,371,Santa Catarina TicuÃ¡,1972
20,Oaxaca,372,Santa Catarina YosonotÃº,2632
20,Oaxaca,373,Santa Catarina Zapoquila,807
20,Oaxaca,374,Santa Cruz Acatepec,3290
20,Oaxaca,375,Santa Cruz Amilpas,26400
20,Oaxaca,376,Santa Cruz de Bravo,730
20,Oaxaca,377,Santa Cruz Itundujia,21852
20,Oaxaca,378,Santa Cruz Mixtepec,7455
20,Oaxaca,379,Santa Cruz Nundaco,5902
20,Oaxaca,380,Santa Cruz Papalutla,4484
20,Oaxaca,381,Santa Cruz Tacache de Mina,5880
20,Oaxaca,382,Santa Cruz Tacahua,2378
20,Oaxaca,383,Santa Cruz Tayata,1190
20,Oaxaca,384,Santa Cruz Xitla,9594
20,Oaxaca,385,Santa Cruz XoxocotlÃ¡n,200806
20,Oaxaca,386,Santa Cruz Zenzontepec,38162
20,Oaxaca,387,Santa Gertrudis,5784
20,Oaxaca,388,Santa InÃ©s del Monte,5663
20,Oaxaca,389,Santa InÃ©s Yatzeche,1816
20,Oaxaca,390,Santa LucÃ­a del Camino,100724
20,Oaxaca,391,Santa LucÃ­a MiahuatlÃ¡n,6758
20,Oaxaca,392,Santa LucÃ­a Monteverde,13452
20,Oaxaca,393,Santa LucÃ­a OcotlÃ¡n,8353
20,Oaxaca,394,Santa MarÃ­a Alotepec,5593
20,Oaxaca,395,Santa MarÃ­a Apazco,3261
20,Oaxaca,396,Santa MarÃ­a la AsunciÃ³n,6518
20,Oaxaca,397,Heroica Ciudad de Tlaxiaco,80277
20,Oaxaca,398,Ayoquezco de Aldama,9766
20,Oaxaca,399,Santa MarÃ­a Atzompa,83852
20,Oaxaca,400,Santa MarÃ­a CamotlÃ¡n,3427
20,Oaxaca,401,Santa MarÃ­a Colotepec,54121
20,Oaxaca,402,Santa MarÃ­a Cortijo,2141
20,Oaxaca,403,Santa MarÃ­a Coyotepec,7515
20,Oaxaca,404,Santa MarÃ­a ChachoÃ¡pam,1524
20,Oaxaca,405,Villa de Chilapa de DÃ­az,3644
20,Oaxaca,406,Santa MarÃ­a Chilchotla,42963
20,Oaxaca,407,Santa MarÃ­a Chimalapa,19206
20,Oaxaca,408,Santa MarÃ­a del Rosario,998
20,Oaxaca,409,Santa MarÃ­a del Tule,17903
20,Oaxaca,410,Santa MarÃ­a Ecatepec,6842
20,Oaxaca,411,Santa MarÃ­a GuelacÃ©,1826
20,Oaxaca,412,Santa MarÃ­a Guienagati,6414
20,Oaxaca,413,Santa MarÃ­a Huatulco,101757
20,Oaxaca,414,Santa MarÃ­a HuazolotitlÃ¡n,24030
20,Oaxaca,415,Santa MarÃ­a Ipalapa,9756
20,Oaxaca,416,Santa MarÃ­a IxcatlÃ¡n,922
20,Oaxaca,417,Santa MarÃ­a Jacatepec,19397
20,Oaxaca,418,Santa MarÃ­a Jalapa del MarquÃ©s,23482
20,Oaxaca,419,Santa MarÃ­a Jaltianguis,1187
20,Oaxaca,420,Santa MarÃ­a LachixÃ­o,3358
20,Oaxaca,421,Santa MarÃ­a Mixtequilla,9391
20,Oaxaca,422,Santa MarÃ­a Nativitas,1226
20,Oaxaca,423,Santa MarÃ­a Nduayaco,971
20,Oaxaca,424,Santa MarÃ­a Ozolotepec,7634
20,Oaxaca,425,Santa MarÃ­a PÃ¡palo,4116
20,Oaxaca,426,Santa MarÃ­a PeÃ±oles,17934
20,Oaxaca,427,Santa MarÃ­a Petapa,33429
20,Oaxaca,428,Santa MarÃ­a Quiegolani,4448
20,Oaxaca,429,Santa MarÃ­a Sola,3034
20,Oaxaca,430,Santa MarÃ­a Tataltepec,634
20,Oaxaca,431,Santa MarÃ­a Tecomavaca,3660
20,Oaxaca,432,Santa MarÃ­a Temaxcalapa,1806
20,Oaxaca,433,Santa MarÃ­a Temaxcaltepec,5388
20,Oaxaca,434,Santa MarÃ­a Teopoxco,7980
20,Oaxaca,435,Santa MarÃ­a Tepantlali,7152
20,Oaxaca,436,Santa MarÃ­a TexcatitlÃ¡n,1796
20,Oaxaca,437,Santa MarÃ­a Tlahuitoltepec,19306
20,Oaxaca,438,Santa MarÃ­a Tlalixtac,3685
20,Oaxaca,439,Santa MarÃ­a Tonameca,50694
20,Oaxaca,440,Santa MarÃ­a Totolapilla,1624
20,Oaxaca,441,Santa MarÃ­a Xadani,18518
20,Oaxaca,442,Santa MarÃ­a Yalina,500
20,Oaxaca,443,Santa MarÃ­a YavesÃ­a,868
20,Oaxaca,444,Santa MarÃ­a Yolotepec,969
20,Oaxaca,445,Santa MarÃ­a YosoyÃºa,3398
20,Oaxaca,446,Santa MarÃ­a Yucuhiti,12026
20,Oaxaca,447,Santa MarÃ­a Zacatepec,34204
20,Oaxaca,448,Santa MarÃ­a Zaniza,4944
20,Oaxaca,449,Santa MarÃ­a ZoquitlÃ¡n,6608
20,Oaxaca,450,Santiago Amoltepec,27721
20,Oaxaca,451,Santiago Apoala,2041
20,Oaxaca,452,Santiago ApÃ³stol,8848
20,Oaxaca,453,Santiago Astata,7838
20,Oaxaca,454,Santiago AtitlÃ¡n,7120
20,Oaxaca,455,Santiago Ayuquililla,5810
20,Oaxaca,456,Santiago Cacaloxtepec,3336
20,Oaxaca,457,Santiago CamotlÃ¡n,6693
20,Oaxaca,458,Santiago Comaltepec,2326
20,Oaxaca,459,Villa de Santiago Chazumba,9762
20,Oaxaca,460,Santiago ChoÃ¡pam,10487
20,Oaxaca,461,Santiago del RÃ­o,1062
20,Oaxaca,462,Santiago HuajolotitlÃ¡n,9221
20,Oaxaca,463,Santiago Huauclilla,1069
20,Oaxaca,464,Santiago IhuitlÃ¡n Plumas,685
20,Oaxaca,465,Santiago Ixcuintepec,3288
20,Oaxaca,466,Santiago Ixtayutla,27785
20,Oaxaca,467,Santiago Jamiltepec,38273
20,Oaxaca,468,Santiago Jocotepec,28416
20,Oaxaca,469,Santiago Juxtlahuaca,69478
20,Oaxaca,470,Santiago Lachiguiri,8831
20,Oaxaca,471,Santiago Lalopa,871
20,Oaxaca,472,Santiago Laollaga,6733
20,Oaxaca,473,Santiago Laxopa,2582
20,Oaxaca,474,Santiago Llano Grande,6882
20,Oaxaca,475,Santiago MatatlÃ¡n,20357
20,Oaxaca,476,Santiago Miltepec,842
20,Oaxaca,477,Santiago Minas,2676
20,Oaxaca,478,Santiago Nacaltepec,3221
20,Oaxaca,479,Santiago Nejapilla,353
20,Oaxaca,480,Santiago Nundiche,2708
20,Oaxaca,481,Santiago NuyoÃ³,3799
20,Oaxaca,482,Santiago Pinotepa Nacional,111858
20,Oaxaca,483,Santiago Suchilquitongo,21782
20,Oaxaca,484,Santiago Tamazola,8926
20,Oaxaca,485,Santiago Tapextla,6280
20,Oaxaca,486,Villa TejÃºpam de la UniÃ³n,4843
20,Oaxaca,487,Santiago Tenango,3938
20,Oaxaca,488,Santiago Tepetlapa,265
20,Oaxaca,489,Santiago Tetepec,9824
20,Oaxaca,490,Santiago Texcalcingo,5948
20,Oaxaca,491,Santiago TextitlÃ¡n,9882
20,Oaxaca,492,Santiago Tilantongo,5528
20,Oaxaca,493,Santiago Tillo,1099
20,Oaxaca,494,Santiago Tlazoyaltepec,12618
20,Oaxaca,495,Santiago Xanica,6077
20,Oaxaca,496,Santiago XiacuÃ­,3786
20,Oaxaca,497,Santiago Yaitepec,8466
20,Oaxaca,498,Santiago Yaveo,15678
20,Oaxaca,499,Santiago YolomÃ©catl,3854
20,Oaxaca,500,Santiago YosondÃºa,15995
20,Oaxaca,501,Santiago Yucuyachi,1999
20,Oaxaca,502,Santiago Zacatepec,10192
20,Oaxaca,503,Santiago Zoochila,850
20,Oaxaca,504,Nuevo ZoquiÃ¡pam,3183
20,Oaxaca,505,Santo Domingo Ingenio,15365
20,Oaxaca,506,Santo Domingo Albarradas,1599
20,Oaxaca,507,Santo Domingo Armenta,6312
20,Oaxaca,508,Santo Domingo ChihuitÃ¡n,3249
20,Oaxaca,509,Santo Domingo de Morelos,22768
20,Oaxaca,510,Santo Domingo IxcatlÃ¡n,1520
20,Oaxaca,511,Santo Domingo NuxaÃ¡,6698
20,Oaxaca,512,Santo Domingo Ozolotepec,2216
20,Oaxaca,513,Santo Domingo Petapa,18069
20,Oaxaca,514,Santo Domingo Roayaga,1884
20,Oaxaca,515,Santo Domingo Tehuantepec,135523
20,Oaxaca,516,Santo Domingo Teojomulco,10557
20,Oaxaca,517,Santo Domingo Tepuxtepec,12067
20,Oaxaca,518,Santo Domingo TlatayÃ¡pam,226
20,Oaxaca,519,Santo Domingo Tomaltepec,6772
20,Oaxaca,520,Santo Domingo TonalÃ¡,14804
20,Oaxaca,521,Santo Domingo Tonaltepec,524
20,Oaxaca,522,Santo Domingo XagacÃ­a,2421
20,Oaxaca,523,Santo Domingo YanhuitlÃ¡n,3282
20,Oaxaca,524,Santo Domingo Yodohino,654
20,Oaxaca,525,Santo Domingo Zanatepec,25022
20,Oaxaca,526,Santos Reyes Nopala,33429
20,Oaxaca,527,Santos Reyes PÃ¡palo,4982
20,Oaxaca,528,Santos Reyes Tepejillo,1823
20,Oaxaca,529,Santos Reyes YucunÃ¡,2948
20,Oaxaca,530,Santo TomÃ¡s Jalieza,7858
20,Oaxaca,531,Santo TomÃ¡s Mazaltepec,5224
20,Oaxaca,532,Santo TomÃ¡s Ocotepec,8132
20,Oaxaca,533,Santo TomÃ¡s Tamazulapan,5464
20,Oaxaca,534,San Vicente CoatlÃ¡n,7027
20,Oaxaca,535,San Vicente LachixÃ­o,6471
20,Oaxaca,536,San Vicente NuÃ±Ãº,898
20,Oaxaca,537,SilacayoÃ¡pam,13420
20,Oaxaca,538,Sitio de Xitlapehua,1433
20,Oaxaca,539,Soledad Etla,12696
20,Oaxaca,540,Villa de TamazulÃ¡pam del Progreso,16665
20,Oaxaca,541,Tanetze de Zaragoza,3116
20,Oaxaca,542,Taniche,1774
20,Oaxaca,543,Tataltepec de ValdÃ©s,12772
20,Oaxaca,544,Teococuilco de Marcos PÃ©rez,2077
20,Oaxaca,545,TeotitlÃ¡n de Flores MagÃ³n,20210
20,Oaxaca,546,TeotitlÃ¡n del Valle,12793
20,Oaxaca,547,Teotongo,2021
20,Oaxaca,548,Tepelmeme Villa de Morelos,3958
20,Oaxaca,549,"Heroica Villa TezoatlÃ¡n de Segura y Luna, Cuna de la Independencia de Oaxaca",22975
20,Oaxaca,550,San JerÃ³nimo Tlacochahuaya,11560
20,Oaxaca,551,Tlacolula de Matamoros,60567
20,Oaxaca,552,Tlacotepec Plumas,823
20,Oaxaca,553,Tlalixtac de Cabrera,24150
20,Oaxaca,554,Totontepec Villa de Morelos,11830
20,Oaxaca,555,Trinidad Zaachila,6838
20,Oaxaca,556,La Trinidad Vista Hermosa,612
20,Oaxaca,557,UniÃ³n Hidalgo,29123
20,Oaxaca,558,Valerio Trujano,2755
20,Oaxaca,559,San Juan Bautista Valle Nacional,46188
20,Oaxaca,560,Villa DÃ­az Ordaz,12939
20,Oaxaca,561,Yaxe,5908
20,Oaxaca,562,Magdalena Yodocono de Porfirio DÃ­az,3364
20,Oaxaca,563,Yogana,2500
20,Oaxaca,564,Yutanduchi de Guerrero,2390
20,Oaxaca,565,Villa de Zaachila,92938
20,Oaxaca,566,San Mateo Yucutindoo,6288
20,Oaxaca,567,ZapotitlÃ¡n Lagunas,6774
20,Oaxaca,568,ZapotitlÃ¡n Palmas,3390
20,Oaxaca,569,Santa InÃ©s de Zaragoza,2937
20,Oaxaca,570,ZimatlÃ¡n de Ãlvarez,44223
21,Puebla,0,Total de la entidad Puebla,6589382
21,Puebla,1,Acajete,145849
21,Puebla,2,Acateno,18442
21,Puebla,3,AcatlÃ¡n,75955
21,Puebla,4,Acatzingo,127606
21,Puebla,5,Acteopan,6140
21,Puebla,6,AhuacatlÃ¡n,29084
21,Puebla,7,AhuatlÃ¡n,6338
21,Puebla,8,Ahuazotepec,22878
21,Puebla,9,Ahuehuetitla,4431
21,Puebla,10,Ajalpan,149565
21,Puebla,11,Albino Zertuche,3770
21,Puebla,12,Aljojuca,13182
21,Puebla,13,Altepexi,45258
21,Puebla,14,AmixtlÃ¡n,9628
21,Puebla,15,Amozoc,251801
21,Puebla,16,Aquixtla,18042
21,Puebla,17,Atempan,59484
21,Puebla,18,Atexcal,7720
21,Puebla,19,Atlixco,283690
21,Puebla,20,Atoyatempan,15446
21,Puebla,21,Atzala,3024
21,Puebla,22,AtzitzihuacÃ¡n,25714
21,Puebla,23,Atzitzintla,18113
21,Puebla,24,Axutla,1967
21,Puebla,25,Ayotoxco de Guerrero,16478
21,Puebla,26,Calpan,30563
21,Puebla,27,Caltepec,8292
21,Puebla,28,Camocuautla,5524
21,Puebla,29,Caxhuacan,7622
21,Puebla,30,Coatepec,1544
21,Puebla,31,Coatzingo,5649
21,Puebla,32,Cohetzala,2764
21,Puebla,33,Cohuecan,10806
21,Puebla,34,Coronango,93696
21,Puebla,35,CoxcatlÃ¡n,41364
21,Puebla,36,Coyomeapan,29612
21,Puebla,37,Coyotepec,4668
21,Puebla,38,Cuapiaxtla de Madero,21152
21,Puebla,39,Cuautempan,19674
21,Puebla,40,CuautinchÃ¡n,24717
21,Puebla,41,Cuautlancingo,274881
21,Puebla,42,Cuayuca de Andrade,6636
21,Puebla,43,Cuetzalan del Progreso,99809
21,Puebla,44,Cuyoaco,34337
21,Puebla,45,Chalchicomula de Sesma,95171
21,Puebla,46,Chapulco,16386
21,Puebla,47,Chiautla,43463
21,Puebla,48,Chiautzingo,44094
21,Puebla,49,Chiconcuautla,34776
21,Puebla,50,Chichiquila,53875
21,Puebla,51,Chietla,74109
21,Puebla,52,ChigmecatitlÃ¡n,2430
21,Puebla,53,Chignahuapan,133038
21,Puebla,54,Chignautla,70456
21,Puebla,55,Chila,10177
21,Puebla,56,Chila de la Sal,2637
21,Puebla,57,Honey,13374
21,Puebla,58,Chilchotla,42020
21,Puebla,59,Chinantla,5719
21,Puebla,60,Domingo Arenas,15981
21,Puebla,61,EloxochitlÃ¡n,28930
21,Puebla,62,EpatlÃ¡n,9902
21,Puebla,63,Esperanza,29546
21,Puebla,64,Francisco Z. Mena,35790
21,Puebla,65,General Felipe Ãngeles,45414
21,Puebla,66,Guadalupe,12916
21,Puebla,67,Guadalupe Victoria,37630
21,Puebla,68,Hermenegildo Galeana,14022
21,Puebla,69,Huaquechula,58490
21,Puebla,70,Huatlatlauca,12234
21,Puebla,71,Huauchinango,207918
21,Puebla,72,Huehuetla,34164
21,Puebla,73,HuehuetlÃ¡n el Chico,19541
21,Puebla,74,Huejotzingo,181617
21,Puebla,75,Hueyapan,26161
21,Puebla,76,Hueytamalco,55332
21,Puebla,77,Hueytlalpan,11927
21,Puebla,78,Huitzilan de SerdÃ¡n,31856
21,Puebla,79,Huitziltepec,11571
21,Puebla,80,Atlequizayan,5266
21,Puebla,81,Ixcamilpa de Guerrero,8143
21,Puebla,82,Ixcaquixtla,17612
21,Puebla,83,IxtacamaxtitlÃ¡n,50669
21,Puebla,84,Ixtepec,13900
21,Puebla,85,IzÃºcar de Matamoros,165731
21,Puebla,86,Jalpan,24195
21,Puebla,87,Jolalpan,26627
21,Puebla,88,Jonotla,8919
21,Puebla,89,Jopala,24294
21,Puebla,90,Juan C. Bonilla,47566
21,Puebla,91,Juan Galindo,19660
21,Puebla,92,Juan N. MÃ©ndez,10594
21,Puebla,93,Lafragua,15318
21,Puebla,94,Libres,74590
21,Puebla,95,La Magdalena Tlatlauquitepec,1303
21,Puebla,96,Mazapiltepec de JuÃ¡rez,6391
21,Puebla,97,Mixtla,5336
21,Puebla,98,Molcaxac,13345
21,Puebla,99,CaÃ±ada Morelos,41330
21,Puebla,100,Naupan,18629
21,Puebla,101,Nauzontla,6642
21,Puebla,102,Nealtican,28161
21,Puebla,103,NicolÃ¡s Bravo,13344
21,Puebla,104,Nopalucan,65604
21,Puebla,105,Ocotepec,10154
21,Puebla,106,Ocoyucan,85365
21,Puebla,107,Olintla,23995
21,Puebla,108,Oriental,39925
21,Puebla,109,PahuatlÃ¡n,40548
21,Puebla,110,Palmar de Bravo,100509
21,Puebla,111,Pantepec,37162
21,Puebla,112,Petlalcingo,18717
21,Puebla,113,Piaxtla,9272
21,Puebla,114,Puebla,3384408
21,Puebla,115,Quecholac,116109
21,Puebla,116,QuimixtlÃ¡n,45710
21,Puebla,117,Rafael Lara Grajales,31904
21,Puebla,118,Los Reyes de JuÃ¡rez,60058
21,Puebla,119,San AndrÃ©s Cholula,308896
21,Puebla,120,San Antonio CaÃ±ada,11876
21,Puebla,121,San Diego la Mesa Tochimiltzingo,2540
21,Puebla,122,San Felipe Teotlalcingo,22139
21,Puebla,123,San Felipe TepatlÃ¡n,7586
21,Puebla,124,San Gabriel Chilac,31908
21,Puebla,125,San Gregorio Atzompa,19342
21,Puebla,126,San JerÃ³nimo Tecuanipan,13204
21,Puebla,127,San JerÃ³nimo XayacatlÃ¡n,7230
21,Puebla,128,San JosÃ© Chiapa,20946
21,Puebla,129,San JosÃ© MiahuatlÃ¡n,28036
21,Puebla,130,San Juan Atenco,7211
21,Puebla,131,San Juan Atzompa,1952
21,Puebla,132,San MartÃ­n Texmelucan,311497
21,Puebla,133,San MartÃ­n Totoltepec,1384
21,Puebla,134,San MatÃ­as Tlalancaleca,41982
21,Puebla,135,San Miguel IxitlÃ¡n,1071
21,Puebla,136,San Miguel Xoxtla,24924
21,Puebla,137,San NicolÃ¡s Buenos Aires,20964
21,Puebla,138,San NicolÃ¡s de los Ranchos,23574
21,Puebla,139,San Pablo Anicano,7545
21,Puebla,140,San Pedro Cholula,276889
21,Puebla,141,San Pedro Yeloixtlahuaca,6992
21,Puebla,142,San Salvador el Seco,61444
21,Puebla,143,San Salvador el Verde,69794
21,Puebla,144,San Salvador Huixcolotla,33637
21,Puebla,145,San SebastiÃ¡n Tlacotepec,26394
21,Puebla,146,Santa Catarina Tlaltempan,1498
21,Puebla,147,Santa InÃ©s Ahuatempan,12726
21,Puebla,148,Santa Isabel Cholula,22996
21,Puebla,149,Santiago MiahuatlÃ¡n,60637
21,Puebla,150,HuehuetlÃ¡n el Grande,12210
21,Puebla,151,Santo TomÃ¡s Hueyotlipan,18652
21,Puebla,152,Soltepec,25291
21,Puebla,153,Tecali de Herrera,47274
21,Puebla,154,Tecamachalco,161600
21,Puebla,155,TecomatlÃ¡n,13678
21,Puebla,156,TehuacÃ¡n,654793
21,Puebla,157,Tehuitzingo,25394
21,Puebla,158,Tenampulco,13502
21,Puebla,159,TeopantlÃ¡n,7683
21,Puebla,160,Teotlalco,7381
21,Puebla,161,Tepanco de LÃ³pez,44510
21,Puebla,162,Tepango de RodrÃ­guez,8310
21,Puebla,163,Tepatlaxco de Hidalgo,37720
21,Puebla,164,Tepeaca,168614
21,Puebla,165,Tepemaxalco,2432
21,Puebla,166,Tepeojuma,17849
21,Puebla,167,Tepetzintla,20746
21,Puebla,168,Tepexco,15052
21,Puebla,169,Tepexi de RodrÃ­guez,44689
21,Puebla,170,Tepeyahualco,38428
21,Puebla,171,Tepeyahualco de CuauhtÃ©moc,7714
21,Puebla,172,Tetela de Ocampo,54454
21,Puebla,173,Teteles de Avila Castillo,13306
21,Puebla,174,TeziutlÃ¡n,207183
21,Puebla,175,Tianguismanalco,28872
21,Puebla,176,Tilapa,19337
21,Puebla,177,Tlacotepec de Benito JuÃ¡rez,109535
21,Puebla,178,Tlacuilotepec,31962
21,Puebla,179,Tlachichuca,63322
21,Puebla,180,Tlahuapan,83153
21,Puebla,181,Tlaltenango,14864
21,Puebla,182,Tlanepantla,10820
21,Puebla,183,Tlaola,40879
21,Puebla,184,Tlapacoya,12852
21,Puebla,185,TlapanalÃ¡,20709
21,Puebla,186,Tlatlauquitepec,111189
21,Puebla,187,Tlaxco,9870
21,Puebla,188,Tochimilco,38659
21,Puebla,189,Tochtepec,44996
21,Puebla,190,Totoltepec de Guerrero,2378
21,Puebla,191,Tulcingo,19798
21,Puebla,192,Tuzamapan de Galeana,11854
21,Puebla,193,Tzicatlacoyan,12963
21,Puebla,194,Venustiano Carranza,57112
21,Puebla,195,Vicente Guerrero,53134
21,Puebla,196,XayacatlÃ¡n de Bravo,3145
21,Puebla,197,Xicotepec,161279
21,Puebla,198,XicotlÃ¡n,2626
21,Puebla,199,Xiutetelco,85886
21,Puebla,200,Xochiapulco,6890
21,Puebla,201,Xochiltepec,6753
21,Puebla,202,XochitlÃ¡n de Vicente SuÃ¡rez,26050
21,Puebla,203,XochitlÃ¡n Todos Santos,14365
21,Puebla,204,YaonÃ¡huac,15852
21,Puebla,205,Yehualtepec,52785
21,Puebla,206,Zacapala,9322
21,Puebla,207,Zacapoaxtla,115784
21,Puebla,208,ZacatlÃ¡n,174767
21,Puebla,209,ZapotitlÃ¡n,17264
21,Puebla,210,ZapotitlÃ¡n de MÃ©ndez,11350
21,Puebla,211,Zaragoza,33510
21,Puebla,212,Zautla,41437
21,Puebla,213,Zihuateutla,24054
21,Puebla,214,Zinacatepec,36733
21,Puebla,215,Zongozotla,9078
21,Puebla,216,Zoquiapan,4923
21,Puebla,217,ZoquitlÃ¡n,40683
22,QuerÃ©taro,0,Total de la entidad QuerÃ©taro,2371316
22,QuerÃ©taro,1,Amealco de Bonfil,133759
22,QuerÃ©taro,2,Pinal de Amoles,54839
22,QuerÃ©taro,3,Arroyo Seco,26359
22,QuerÃ©taro,4,Cadereyta de Montes,138389
22,QuerÃ©taro,5,ColÃ³n,134379
22,QuerÃ©taro,6,Corregidora,425225
22,QuerÃ©taro,7,Ezequiel Montes,90566
22,QuerÃ©taro,8,Huimilpan,73696
22,QuerÃ©taro,9,Jalpan de Serra,54760
22,QuerÃ©taro,10,Landa de Matamoros,37632
22,QuerÃ©taro,11,El MarquÃ©s,463578
22,QuerÃ©taro,12,Pedro Escobedo,154936
22,QuerÃ©taro,13,PeÃ±amiller,38363
22,QuerÃ©taro,14,QuerÃ©taro,2099697
22,QuerÃ©taro,15,San JoaquÃ­n,16732
22,QuerÃ©taro,16,San Juan del RÃ­o,596340
22,QuerÃ©taro,17,Tequisquiapan,144580
22,QuerÃ©taro,18,TolimÃ¡n,55953
23,Quintana Roo,0,Total de la entidad Quintana Roo,1863124
23,Quintana Roo,1,Cozumel,177600
23,Quintana Roo,2,Felipe Carrillo Puerto,168208
23,Quintana Roo,3,Isla Mujeres,45622
23,Quintana Roo,4,OthÃ³n P. Blanco,468838
23,Quintana Roo,5,Benito JuÃ¡rez,1823400
23,Quintana Roo,6,JosÃ© MarÃ­a Morelos,78442
23,Quintana Roo,7,LÃ¡zaro CÃ¡rdenas,58484
23,Quintana Roo,8,Solidaridad,668387
23,Quintana Roo,9,Tulum,93870
23,Quintana Roo,10,Bacalar,83901
23,Quintana Roo,11,Puerto Morelos,54357
24,San Luis PotosÃ­,0,Total de la entidad San Luis PotosÃ­,2832686
24,San Luis PotosÃ­,1,Ahualulco,38040
24,San Luis PotosÃ­,2,Alaquines,15603
24,San Luis PotosÃ­,3,AquismÃ³n,96925
24,San Luis PotosÃ­,4,Armadillo de los Infante,8053
24,San Luis PotosÃ­,5,CÃ¡rdenas,36679
24,San Luis PotosÃ­,6,Catorce,19332
24,San Luis PotosÃ­,7,Cedral,39781
24,San Luis PotosÃ­,8,Cerritos,44199
24,San Luis PotosÃ­,9,Cerro de San Pedro,10115
24,San Luis PotosÃ­,10,Ciudad del MaÃ­z,60720
24,San Luis PotosÃ­,11,Ciudad FernÃ¡ndez,96405
24,San Luis PotosÃ­,12,Tancanhuitz,40798
24,San Luis PotosÃ­,13,Ciudad Valles,360007
24,San Luis PotosÃ­,14,CoxcatlÃ¡n,31353
24,San Luis PotosÃ­,15,Charcas,43907
24,San Luis PotosÃ­,16,Ebano,81945
24,San Luis PotosÃ­,17,GuadalcÃ¡zar,50331
24,San Luis PotosÃ­,18,HuehuetlÃ¡n,30687
24,San Luis PotosÃ­,19,Lagunillas,10982
24,San Luis PotosÃ­,20,Matehuala,204807
24,San Luis PotosÃ­,21,Mexquitic de Carmona,116972
24,San Luis PotosÃ­,22,Moctezuma,38158
24,San Luis PotosÃ­,23,RayÃ³n,30683
24,San Luis PotosÃ­,24,Rioverde,196620
24,San Luis PotosÃ­,25,Salinas,62321
24,San Luis PotosÃ­,26,San Antonio,18831
24,San Luis PotosÃ­,27,San Ciro de Acosta,20558
24,San Luis PotosÃ­,28,San Luis PotosÃ­,1824061
24,San Luis PotosÃ­,29,San MartÃ­n Chalchicuautla,37281
24,San Luis PotosÃ­,30,San NicolÃ¡s Tolentino,9613
24,San Luis PotosÃ­,31,Santa Catarina,24428
24,San Luis PotosÃ­,32,Santa MarÃ­a del RÃ­o,80218
24,San Luis PotosÃ­,33,Santo Domingo,21619
24,San Luis PotosÃ­,34,San Vicente Tancuayalab,30187
24,San Luis PotosÃ­,35,Soledad de Graciano SÃ¡nchez,664621
24,San Luis PotosÃ­,36,Tamasopo,58564
24,San Luis PotosÃ­,37,Tamazunchale,190296
24,San Luis PotosÃ­,38,TampacÃ¡n,28800
24,San Luis PotosÃ­,39,TampamolÃ³n Corona,27517
24,San Luis PotosÃ­,40,TamuÃ­n,74515
24,San Luis PotosÃ­,41,TanlajÃ¡s,36520
24,San Luis PotosÃ­,42,TanquiÃ¡n de Escobedo,27107
24,San Luis PotosÃ­,43,Tierra Nueva,16129
24,San Luis PotosÃ­,44,Vanegas,15164
24,San Luis PotosÃ­,45,Venado,28556
24,San Luis PotosÃ­,46,Villa de Arriaga,36623
24,San Luis PotosÃ­,47,Villa de Guadalupe,18668
24,San Luis PotosÃ­,48,Villa de la Paz,10607
24,San Luis PotosÃ­,49,Villa de Ramos,76898
24,San Luis PotosÃ­,50,Villa de Reyes,106059
24,San Luis PotosÃ­,51,Villa Hidalgo,30971
24,San Luis PotosÃ­,52,Villa JuÃ¡rez,20643
24,San Luis PotosÃ­,53,Axtla de Terrazas,65248
24,San Luis PotosÃ­,54,Xilitla,99567
24,San Luis PotosÃ­,55,Zaragoza,54939
24,San Luis PotosÃ­,56,Villa de Arista,34646
24,San Luis PotosÃ­,57,Matlapa,58010
24,San Luis PotosÃ­,58,El Naranjo,42054
25,Sinaloa,0,Total de la entidad Sinaloa,3054002
25,Sinaloa,1,Ahome,920404
25,Sinaloa,2,Angostura,88532
25,Sinaloa,3,Badiraguato,53589
25,Sinaloa,4,Concordia,50112
25,Sinaloa,5,CosalÃ¡,34127
25,Sinaloa,6,CuliacÃ¡n,2013467
25,Sinaloa,7,Choix,59232
25,Sinaloa,8,Elota,115390
25,Sinaloa,9,Escuinapa,120233
25,Sinaloa,10,El Fuerte,193705
25,Sinaloa,11,Guasave,581315
25,Sinaloa,12,MazatlÃ¡n,1005106
25,Sinaloa,13,Mocorito,81026
25,Sinaloa,14,Rosario,105101
25,Sinaloa,15,Salvador Alvarado,159125
25,Sinaloa,16,San Ignacio,39299
25,Sinaloa,17,Sinaloa,158222
25,Sinaloa,18,Navolato,302960
26,Sonora,0,Total de la entidad Sonora,2966810
26,Sonora,1,Aconchi,5137
26,Sonora,2,Agua Prieta,184138
26,Sonora,3,Alamos,50413
26,Sonora,4,Altar,19217
26,Sonora,5,Arivechi,2356
26,Sonora,6,Arizpe,5692
26,Sonora,7,Atil,1266
26,Sonora,8,BacadÃ©huachi,1958
26,Sonora,9,Bacanora,1544
26,Sonora,10,Bacerac,2461
26,Sonora,11,Bacoachi,3040
26,Sonora,12,BÃ¡cum,47154
26,Sonora,13,BanÃ¡michi,3691
26,Sonora,14,BaviÃ¡cora,6413
26,Sonora,15,Bavispe,2340
26,Sonora,16,BenjamÃ­n Hill,10040
26,Sonora,17,Caborca,179483
26,Sonora,18,Cajeme,875723
26,Sonora,19,Cananea,79020
26,Sonora,20,CarbÃ³,10105
26,Sonora,21,La Colorada,3892
26,Sonora,22,Cucurpe,1894
26,Sonora,23,Cumpas,11683
26,Sonora,24,Divisaderos,1506
26,Sonora,25,Empalme,104029
26,Sonora,26,Etchojoa,123143
26,Sonora,27,Fronteras,18264
26,Sonora,28,Granados,2018
26,Sonora,29,Guaymas,314535
26,Sonora,30,Hermosillo,1877548
26,Sonora,31,Huachinera,2391
26,Sonora,32,HuÃ¡sabas,1777
26,Sonora,33,Huatabampo,155738
26,Sonora,34,HuÃ©pac,1893
26,Sonora,35,Imuris,25739
26,Sonora,36,Magdalena,66464
26,Sonora,37,MazatÃ¡n,2230
26,Sonora,38,Moctezuma,10357
26,Sonora,39,Naco,11576
26,Sonora,40,NÃ¡cori Chico,3078
26,Sonora,41,Nacozari de GarcÃ­a,28852
26,Sonora,42,Navojoa,329416
26,Sonora,43,Nogales,530007
26,Sonora,44,Onavas,745
26,Sonora,45,Opodepe,5090
26,Sonora,46,Oquitoa,1014
26,Sonora,47,Pitiquito,18523
26,Sonora,48,Puerto PeÃ±asco,125474
26,Sonora,49,Quiriego,6423
26,Sonora,50,RayÃ³n,3020
26,Sonora,51,Rosario,9800
26,Sonora,52,Sahuaripa,10562
26,Sonora,53,San Felipe de JesÃºs,741
26,Sonora,54,San Javier,1088
26,Sonora,55,San Luis RÃ­o Colorado,399416
26,Sonora,56,San Miguel de Horcasitas,21600
26,Sonora,57,San Pedro de la Cueva,2979
26,Sonora,58,Santa Ana,32640
26,Sonora,59,Santa Cruz,3742
26,Sonora,60,SÃ¡ric,4206
26,Sonora,61,Soyopa,2816
26,Sonora,62,Suaqui Grande,2268
26,Sonora,63,Tepache,2356
26,Sonora,64,Trincheras,2858
26,Sonora,65,Tubutama,3036
26,Sonora,66,Ures,17399
26,Sonora,67,Villa Hidalgo,2859
26,Sonora,68,Villa Pesqueira,2161
26,Sonora,69,YÃ©cora,9713
26,Sonora,70,General Plutarco ElÃ­as Calles,27407
26,Sonora,71,Benito JuÃ¡rez,43579
26,Sonora,72,San Ignacio RÃ­o Muerto,28914
27,Tabasco,0,Total de la entidad Tabasco,2404453
27,Tabasco,1,BalancÃ¡n,117875
27,Tabasco,2,CÃ¡rdenas,486504
27,Tabasco,3,Centla,215682
27,Tabasco,4,Centro,1367243
27,Tabasco,5,Comalcalco,429755
27,Tabasco,6,CunduacÃ¡n,274514
27,Tabasco,7,Emiliano Zapata,64494
27,Tabasco,8,Huimanguillo,382021
27,Tabasco,9,Jalapa,75503
27,Tabasco,10,Jalpa de MÃ©ndez,182385
27,Tabasco,11,Jonuta,61771
27,Tabasco,12,Macuspana,317222
27,Tabasco,13,Nacajuca,300603
27,Tabasco,14,ParaÃ­so,193482
27,Tabasco,15,Tacotalpa,95832
27,Tabasco,16,Teapa,117459
27,Tabasco,17,Tenosique,124706
28,Tamaulipas,0,Total de la entidad Tamaulipas,3542263
28,Tamaulipas,1,Abasolo,19700
28,Tamaulipas,2,Aldama,58168
28,Tamaulipas,3,Altamira,540986
28,Tamaulipas,4,Antiguo Morelos,17910
28,Tamaulipas,5,Burgos,8711
28,Tamaulipas,6,Bustamante,15090
28,Tamaulipas,7,Camargo,33420
28,Tamaulipas,8,Casas,8561
28,Tamaulipas,9,Ciudad Madero,411866
28,Tamaulipas,10,Cruillas,3435
28,Tamaulipas,11,GÃ³mez FarÃ­as,16771
28,Tamaulipas,12,GonzÃ¡lez,83441
28,Tamaulipas,13,GÃ¼Ã©mez,30381
28,Tamaulipas,14,Guerrero,7893
28,Tamaulipas,15,Gustavo DÃ­az Ordaz,31491
28,Tamaulipas,16,Hidalgo,34215
28,Tamaulipas,17,Jaumave,32087
28,Tamaulipas,18,JimÃ©nez,12794
28,Tamaulipas,19,Llera,29667
28,Tamaulipas,20,Mainero,4177
28,Tamaulipas,21,El Mante,212629
28,Tamaulipas,22,Matamoros,1085406
28,Tamaulipas,23,MÃ©ndez,8860
28,Tamaulipas,24,Mier,12872
28,Tamaulipas,25,Miguel AlemÃ¡n,52688
28,Tamaulipas,26,Miquihuana,7430
28,Tamaulipas,27,Nuevo Laredo,850173
28,Tamaulipas,28,Nuevo Morelos,7703
28,Tamaulipas,29,Ocampo,26583
28,Tamaulipas,30,Padilla,27422
28,Tamaulipas,31,Palmillas,3875
28,Tamaulipas,32,Reynosa,1411145
28,Tamaulipas,33,RÃ­o Bravo,266018
28,Tamaulipas,34,San Carlos,15077
28,Tamaulipas,35,San Fernando,103319
28,Tamaulipas,36,San NicolÃ¡s,1875
28,Tamaulipas,37,Soto la Marina,48122
28,Tamaulipas,38,Tampico,595134
28,Tamaulipas,39,Tula,56564
28,Tamaulipas,40,Valle Hermoso,120645
28,Tamaulipas,41,Victoria,700039
28,Tamaulipas,42,VillagrÃ¡n,10941
28,Tamaulipas,43,XicotÃ©ncatl,44714
29,Tlaxcala,0,Total de la entidad Tlaxcala,1345265
29,Tlaxcala,1,Amaxac de Guerrero,22820
29,Tlaxcala,2,ApetatitlÃ¡n de Antonio Carvajal,32006
29,Tlaxcala,3,Atlangatepec,14338
29,Tlaxcala,4,Atltzayanca,36278
29,Tlaxcala,5,Apizaco,161479
29,Tlaxcala,6,Calpulalpan,102521
29,Tlaxcala,7,El Carmen Tequexquitla,34669
29,Tlaxcala,8,Cuapiaxtla,32514
29,Tlaxcala,9,Cuaxomulco,11856
29,Tlaxcala,10,Chiautempan,146442
29,Tlaxcala,11,MuÃ±oz de Domingo Arenas,9567
29,Tlaxcala,12,EspaÃ±ita,18846
29,Tlaxcala,13,Huamantla,197725
29,Tlaxcala,14,Hueyotlipan,30409
29,Tlaxcala,15,Ixtacuixtla de Mariano Matamoros,78028
29,Tlaxcala,16,Ixtenco,15043
29,Tlaxcala,17,Mazatecochco de JosÃ© MarÃ­a Morelos,23196
29,Tlaxcala,18,Contla de Juan Cuamatzi,77158
29,Tlaxcala,19,Tepetitla de LardizÃ¡bal,44549
29,Tlaxcala,20,SanctÃ³rum de LÃ¡zaro CÃ¡rdenas,18912
29,Tlaxcala,21,Nanacamilpa de Mariano Arista,37469
29,Tlaxcala,22,Acuamanala de Miguel Hidalgo,12864
29,Tlaxcala,23,NatÃ­vitas,52646
29,Tlaxcala,24,Panotla,56719
29,Tlaxcala,25,San Pablo del Monte,165419
29,Tlaxcala,26,Santa Cruz Tlaxcala,48240
29,Tlaxcala,27,Tenancingo,25949
29,Tlaxcala,28,Teolocholco,50554
29,Tlaxcala,29,Tepeyanco,26659
29,Tlaxcala,30,Terrenate,31057
29,Tlaxcala,31,Tetla de la Solidaridad,70730
29,Tlaxcala,32,Tetlatlahuca,27140
29,Tlaxcala,33,Tlaxcala,199814
29,Tlaxcala,34,Tlaxco,91192
29,Tlaxcala,35,TocatlÃ¡n,12600
29,Tlaxcala,36,Totolac,45058
29,Tlaxcala,37,ZiltlaltÃ©pec de Trinidad SÃ¡nchez Santos,18427
29,Tlaxcala,38,Tzompantepec,36039
29,Tlaxcala,39,Xaloztoc,51257
29,Tlaxcala,40,Xaltocan,21255
29,Tlaxcala,41,Papalotla de XicohtÃ©ncatl,67016
29,Tlaxcala,42,Xicohtzinco,28394
29,Tlaxcala,43,Yauhquemehcan,84514
29,Tlaxcala,44,Zacatelco,91439
29,Tlaxcala,45,Benito JuÃ¡rez,12433
29,Tlaxcala,46,Emiliano Zapata,9954
29,Tlaxcala,47,LÃ¡zaro CÃ¡rdenas,7093
29,Tlaxcala,48,La Magdalena Tlaltelulco,38072
29,Tlaxcala,49,San DamiÃ¡n TexÃ³loc,11778
29,Tlaxcala,50,San Francisco Tetlanohcan,23537
29,Tlaxcala,51,San JerÃ³nimo Zacualpan,8189
29,Tlaxcala,52,San JosÃ© Teacalco,12913
29,Tlaxcala,53,San Juan Huactzinco,15385
29,Tlaxcala,54,San Lorenzo Axocomanitla,11383
29,Tlaxcala,55,San Lucas Tecopilco,6192
29,Tlaxcala,56,Santa Ana Nopalucan,15905
29,Tlaxcala,57,Santa Apolonia Teacalco,9284
29,Tlaxcala,58,Santa Catarina Ayometla,18926
29,Tlaxcala,59,Santa Cruz Quilehtla,15505
29,Tlaxcala,60,Santa Isabel Xiloxoxtla,10886
30,Veracruz de Ignacio de la Llave,0,Total de la entidad Veracruz de Ignacio de la Llave,8098002
30,Veracruz de Ignacio de la Llave,1,Acajete,19449
30,Veracruz de Ignacio de la Llave,2,AcatlÃ¡n,6891
30,Veracruz de Ignacio de la Llave,3,Acayucan,162304
30,Veracruz de Ignacio de la Llave,4,Actopan,83778
30,Veracruz de Ignacio de la Llave,5,Acula,10538
30,Veracruz de Ignacio de la Llave,6,Acultzingo,46217
30,Veracruz de Ignacio de la Llave,7,CamarÃ³n de Tejeda,13111
30,Veracruz de Ignacio de la Llave,8,AlpatlÃ¡huac,20676
30,Veracruz de Ignacio de la Llave,9,Alto Lucero de GutiÃ©rrez Barrios,56519
30,Veracruz de Ignacio de la Llave,10,Altotonga,128508
30,Veracruz de Ignacio de la Llave,11,Alvarado,114371
30,Veracruz de Ignacio de la Llave,12,AmatitlÃ¡n,15743
30,Veracruz de Ignacio de la Llave,13,Naranjos AmatlÃ¡n,53860
30,Veracruz de Ignacio de la Llave,14,AmatlÃ¡n de los Reyes,94961
30,Veracruz de Ignacio de la Llave,15,Angel R. Cabada,67927
30,Veracruz de Ignacio de la Llave,16,La Antigua,57407
30,Veracruz de Ignacio de la Llave,17,Apazapan,9420
30,Veracruz de Ignacio de la Llave,18,Aquila,3956
30,Veracruz de Ignacio de la Llave,19,Astacinga,13818
30,Veracruz de Ignacio de la Llave,20,Atlahuilco,23154
30,Veracruz de Ignacio de la Llave,21,Atoyac,47057
30,Veracruz de Ignacio de la Llave,22,Atzacan,45308
30,Veracruz de Ignacio de la Llave,23,Atzalan,98448
30,Veracruz de Ignacio de la Llave,24,Tlaltetela,32984
30,Veracruz de Ignacio de la Llave,25,Ayahualulco,54439
30,Veracruz de Ignacio de la Llave,26,Banderilla,52036
30,Veracruz de Ignacio de la Llave,27,Benito JuÃ¡rez,32287
30,Veracruz de Ignacio de la Llave,28,Boca del RÃ­o,289116
30,Veracruz de Ignacio de la Llave,29,Calcahualco,27402
30,Veracruz de Ignacio de la Llave,30,Camerino Z. Mendoza,83670
30,Veracruz de Ignacio de la Llave,31,Carrillo Puerto,37827
30,Veracruz de Ignacio de la Llave,32,Catemaco,99621
30,Veracruz de Ignacio de la Llave,33,Cazones de Herrera,48892
30,Veracruz de Ignacio de la Llave,34,Cerro Azul,50065
30,Veracruz de Ignacio de la Llave,35,CitlaltÃ©petl,22341
30,Veracruz de Ignacio de la Llave,36,Coacoatzintla,22043
30,Veracruz de Ignacio de la Llave,37,CoahuitlÃ¡n,16378
30,Veracruz de Ignacio de la Llave,38,Coatepec,188094
30,Veracruz de Ignacio de la Llave,39,Coatzacoalcos,622898
30,Veracruz de Ignacio de la Llave,40,Coatzintla,110208
30,Veracruz de Ignacio de la Llave,41,Coetzala,4719
30,Veracruz de Ignacio de la Llave,42,Colipa,11531
30,Veracruz de Ignacio de la Llave,43,Comapa,39816
30,Veracruz de Ignacio de la Llave,44,CÃ³rdoba,409465
30,Veracruz de Ignacio de la Llave,45,Cosamaloapan de Carpio,109617
30,Veracruz de Ignacio de la Llave,46,CosautlÃ¡n de Carvajal,32348
30,Veracruz de Ignacio de la Llave,47,Coscomatepec,118960
30,Veracruz de Ignacio de la Llave,48,Cosoleacaque,261955
30,Veracruz de Ignacio de la Llave,49,Cotaxtla,44378
30,Veracruz de Ignacio de la Llave,50,Coxquihui,32669
30,Veracruz de Ignacio de la Llave,51,Coyutla,46219
30,Veracruz de Ignacio de la Llave,52,Cuichapa,23742
30,Veracruz de Ignacio de la Llave,53,CuitlÃ¡huac,56236
30,Veracruz de Ignacio de la Llave,54,Chacaltianguis,23013
30,Veracruz de Ignacio de la Llave,55,Chalma,27134
30,Veracruz de Ignacio de la Llave,56,Chiconamel,13313
30,Veracruz de Ignacio de la Llave,57,Chiconquiaco,27816
30,Veracruz de Ignacio de la Llave,58,Chicontepec,107885
30,Veracruz de Ignacio de la Llave,59,Chinameca,45535
30,Veracruz de Ignacio de la Llave,60,Chinampa de Gorostiza,32675
30,Veracruz de Ignacio de la Llave,61,Las Choapas,163735
30,Veracruz de Ignacio de la Llave,62,ChocamÃ¡n,41684
30,Veracruz de Ignacio de la Llave,63,Chontla,26878
30,Veracruz de Ignacio de la Llave,64,ChumatlÃ¡n,8016
30,Veracruz de Ignacio de la Llave,65,Emiliano Zapata,171144
30,Veracruz de Ignacio de la Llave,66,Espinal,53755
30,Veracruz de Ignacio de la Llave,67,Filomeno Mata,38387
30,Veracruz de Ignacio de la Llave,68,FortÃ­n,132794
30,Veracruz de Ignacio de la Llave,69,GutiÃ©rrez Zamora,48263
30,Veracruz de Ignacio de la Llave,70,HidalgotitlÃ¡n,36926
30,Veracruz de Ignacio de la Llave,71,Huatusco,119890
30,Veracruz de Ignacio de la Llave,72,Huayacocotla,43655
30,Veracruz de Ignacio de la Llave,73,Hueyapan de Ocampo,83442
30,Veracruz de Ignacio de la Llave,74,Huiloapan de CuauhtÃ©moc,14586
30,Veracruz de Ignacio de la Llave,75,Ignacio de la Llave,33079
30,Veracruz de Ignacio de la Llave,76,IlamatlÃ¡n,26754
30,Veracruz de Ignacio de la Llave,77,Isla,86478
30,Veracruz de Ignacio de la Llave,78,Ixcatepec,24778
30,Veracruz de Ignacio de la Llave,79,IxhuacÃ¡n de los Reyes,22797
30,Veracruz de Ignacio de la Llave,80,IxhuatlÃ¡n del CafÃ©,46280
30,Veracruz de Ignacio de la Llave,81,Ixhuatlancillo,54590
30,Veracruz de Ignacio de la Llave,82,IxhuatlÃ¡n del Sureste,31757
30,Veracruz de Ignacio de la Llave,83,IxhuatlÃ¡n de Madero,101830
30,Veracruz de Ignacio de la Llave,84,Ixmatlahuacan,11309
30,Veracruz de Ignacio de la Llave,85,IxtaczoquitlÃ¡n,148021
30,Veracruz de Ignacio de la Llave,86,Jalacingo,93597
30,Veracruz de Ignacio de la Llave,87,Xalapa,977173
30,Veracruz de Ignacio de la Llave,88,Jalcomulco,10108
30,Veracruz de Ignacio de la Llave,89,JÃ¡ltipan,77618
30,Veracruz de Ignacio de la Llave,90,Jamapa,22287
30,Veracruz de Ignacio de la Llave,91,JesÃºs Carranza,57712
30,Veracruz de Ignacio de la Llave,92,Xico,79365
30,Veracruz de Ignacio de la Llave,93,Jilotepec,33191
30,Veracruz de Ignacio de la Llave,94,Juan RodrÃ­guez Clara,77117
30,Veracruz de Ignacio de la Llave,95,Juchique de Ferrer,30230
30,Veracruz de Ignacio de la Llave,96,Landero y Coss,3086
30,Veracruz de Ignacio de la Llave,97,Lerdo de Tejada,38312
30,Veracruz de Ignacio de la Llave,98,Magdalena,6598
30,Veracruz de Ignacio de la Llave,99,Maltrata,36670
30,Veracruz de Ignacio de la Llave,100,Manlio Fabio Altamirano,47903
30,Veracruz de Ignacio de la Llave,101,Mariano Escobedo,77358
30,Veracruz de Ignacio de la Llave,102,MartÃ­nez de la Torre,218086
30,Veracruz de Ignacio de la Llave,103,MecatlÃ¡n,25598
30,Veracruz de Ignacio de la Llave,104,Mecayapan,34436
30,Veracruz de Ignacio de la Llave,105,MedellÃ­n de Bravo,190606
30,Veracruz de Ignacio de la Llave,106,MiahuatlÃ¡n,9687
30,Veracruz de Ignacio de la Llave,107,Las Minas,5868
30,Veracruz de Ignacio de la Llave,108,MinatitlÃ¡n,289890
30,Veracruz de Ignacio de la Llave,109,Misantla,131759
30,Veracruz de Ignacio de la Llave,110,Mixtla de Altamirano,24253
30,Veracruz de Ignacio de la Llave,111,MoloacÃ¡n,33267
30,Veracruz de Ignacio de la Llave,112,Naolinco,45693
30,Veracruz de Ignacio de la Llave,113,Naranjal,9233
30,Veracruz de Ignacio de la Llave,114,Nautla,20510
30,Veracruz de Ignacio de la Llave,115,Nogales,74628
30,Veracruz de Ignacio de la Llave,116,Oluta,34271
30,Veracruz de Ignacio de la Llave,117,Omealca,47586
30,Veracruz de Ignacio de la Llave,118,Orizaba,246370
30,Veracruz de Ignacio de la Llave,119,OtatitlÃ¡n,11346
30,Veracruz de Ignacio de la Llave,120,Oteapan,20686
30,Veracruz de Ignacio de la Llave,121,Ozuluama de MascareÃ±as,48016
30,Veracruz de Ignacio de la Llave,122,Pajapan,36147
30,Veracruz de Ignacio de la Llave,123,PÃ¡nuco,193249
30,Veracruz de Ignacio de la Llave,124,Papantla,320269
30,Veracruz de Ignacio de la Llave,125,Paso del Macho,63901
30,Veracruz de Ignacio de la Llave,126,Paso de Ovejas,66987
30,Veracruz de Ignacio de la Llave,127,La Perla,56553
30,Veracruz de Ignacio de la Llave,128,Perote,156626
30,Veracruz de Ignacio de la Llave,129,PlatÃ³n SÃ¡nchez,36377
30,Veracruz de Ignacio de la Llave,130,Playa Vicente,79222
30,Veracruz de Ignacio de la Llave,131,Poza Rica de Hidalgo,378960
30,Veracruz de Ignacio de la Llave,132,Las Vigas de RamÃ­rez,40616
30,Veracruz de Ignacio de la Llave,133,Pueblo Viejo,115989
30,Veracruz de Ignacio de la Llave,134,Puente Nacional,47201
30,Veracruz de Ignacio de la Llave,135,Rafael Delgado,48272
30,Veracruz de Ignacio de la Llave,136,Rafael Lucio,16702
30,Veracruz de Ignacio de la Llave,137,Los Reyes,12619
30,Veracruz de Ignacio de la Llave,138,RÃ­o Blanco,83600
30,Veracruz de Ignacio de la Llave,139,Saltabarranca,12299
30,Veracruz de Ignacio de la Llave,140,San AndrÃ©s Tenejapan,6268
30,Veracruz de Ignacio de la Llave,141,San AndrÃ©s Tuxtla,325144
30,Veracruz de Ignacio de la Llave,142,San Juan Evangelista,65934
30,Veracruz de Ignacio de la Llave,143,Santiago Tuxtla,114423
30,Veracruz de Ignacio de la Llave,144,Sayula de AlemÃ¡n,65500
30,Veracruz de Ignacio de la Llave,145,Soconusco,33363
30,Veracruz de Ignacio de la Llave,146,Sochiapa,7850
30,Veracruz de Ignacio de la Llave,147,Soledad Atzompa,49156
30,Veracruz de Ignacio de la Llave,148,Soledad de Doblado,56376
30,Veracruz de Ignacio de la Llave,149,Soteapan,68874
30,Veracruz de Ignacio de la Llave,150,TamalÃ­n,23392
30,Veracruz de Ignacio de la Llave,151,Tamiahua,44074
30,Veracruz de Ignacio de la Llave,152,Tampico Alto,23562
30,Veracruz de Ignacio de la Llave,153,Tancoco,11641
30,Veracruz de Ignacio de la Llave,154,Tantima,24171
30,Veracruz de Ignacio de la Llave,155,Tantoyuca,200736
30,Veracruz de Ignacio de la Llave,156,Tatatila,12114
30,Veracruz de Ignacio de la Llave,157,Castillo de Teayo,40379
30,Veracruz de Ignacio de la Llave,158,Tecolutla,49517
30,Veracruz de Ignacio de la Llave,159,Tehuipango,59372
30,Veracruz de Ignacio de la Llave,160,Ãlamo Temapache,215048
30,Veracruz de Ignacio de la Llave,161,Tempoal,69917
30,Veracruz de Ignacio de la Llave,162,Tenampa,12899
30,Veracruz de Ignacio de la Llave,163,TenochtitlÃ¡n,10089
30,Veracruz de Ignacio de la Llave,164,Teocelo,33958
30,Veracruz de Ignacio de la Llave,165,Tepatlaxco,17850
30,Veracruz de Ignacio de la Llave,166,TepetlÃ¡n,18821
30,Veracruz de Ignacio de la Llave,167,Tepetzintla,29348
30,Veracruz de Ignacio de la Llave,168,Tequila,32697
30,Veracruz de Ignacio de la Llave,169,JosÃ© Azueta,45613
30,Veracruz de Ignacio de la Llave,170,Texcatepec,21675
30,Veracruz de Ignacio de la Llave,171,TexhuacÃ¡n,11150
30,Veracruz de Ignacio de la Llave,172,Texistepec,40157
30,Veracruz de Ignacio de la Llave,173,Tezonapa,109112
30,Veracruz de Ignacio de la Llave,174,Tierra Blanca,191728
30,Veracruz de Ignacio de la Llave,175,TihuatlÃ¡n,186029
30,Veracruz de Ignacio de la Llave,176,Tlacojalpan,8991
30,Veracruz de Ignacio de la Llave,177,Tlacolulan,23380
30,Veracruz de Ignacio de la Llave,178,Tlacotalpan,26019
30,Veracruz de Ignacio de la Llave,179,Tlacotepec de MejÃ­a,8573
30,Veracruz de Ignacio de la Llave,180,Tlachichilco,21842
30,Veracruz de Ignacio de la Llave,181,Tlalixcoyan,75866
30,Veracruz de Ignacio de la Llave,182,Tlalnelhuayocan,39352
30,Veracruz de Ignacio de la Llave,183,Tlapacoyan,122820
30,Veracruz de Ignacio de la Llave,184,Tlaquilpa,15893
30,Veracruz de Ignacio de la Llave,185,Tlilapan,11096
30,Veracruz de Ignacio de la Llave,186,TomatlÃ¡n,14396
30,Veracruz de Ignacio de la Llave,187,TonayÃ¡n,12225
30,Veracruz de Ignacio de la Llave,188,Totutla,34440
30,Veracruz de Ignacio de la Llave,189,Tuxpan,309846
30,Veracruz de Ignacio de la Llave,190,Tuxtilla,4526
30,Veracruz de Ignacio de la Llave,191,Ursulo GalvÃ¡n,60235
30,Veracruz de Ignacio de la Llave,192,Vega de Alatorre,40783
30,Veracruz de Ignacio de la Llave,193,Veracruz,1214534
30,Veracruz de Ignacio de la Llave,194,Villa Aldama,24990
30,Veracruz de Ignacio de la Llave,195,Xoxocotla,11803
30,Veracruz de Ignacio de la Llave,196,Yanga,35850
30,Veracruz de Ignacio de la Llave,197,Yecuatla,22433
30,Veracruz de Ignacio de la Llave,198,Zacualpan,13605
30,Veracruz de Ignacio de la Llave,199,Zaragoza,23820
30,Veracruz de Ignacio de la Llave,200,Zentla,25173
30,Veracruz de Ignacio de la Llave,201,Zongolica,90061
30,Veracruz de Ignacio de la Llave,202,ZontecomatlÃ¡n de LÃ³pez y Fuentes,29347
30,Veracruz de Ignacio de la Llave,203,Zozocolco de Hidalgo,29060
30,Veracruz de Ignacio de la Llave,204,Agua Dulce,88323
30,Veracruz de Ignacio de la Llave,205,El Higo,39050
30,Veracruz de Ignacio de la Llave,206,Nanchital de LÃ¡zaro CÃ¡rdenas del RÃ­o,58455
30,Veracruz de Ignacio de la Llave,207,Tres Valles,90422
30,Veracruz de Ignacio de la Llave,208,Carlos A. Carrillo,46806
30,Veracruz de Ignacio de la Llave,209,Tatahuicapan de JuÃ¡rez,30196
30,Veracruz de Ignacio de la Llave,210,Uxpanapa,62029
30,Veracruz de Ignacio de la Llave,211,San Rafael,60842
30,Veracruz de Ignacio de la Llave,212,Santiago Sochiapan,26283
31,YucatÃ¡n,0,Total de la entidad YucatÃ¡n,2325803
31,YucatÃ¡n,1,AbalÃ¡,13104
31,YucatÃ¡n,2,Acanceh,33590
31,YucatÃ¡n,3,Akil,24585
31,YucatÃ¡n,4,Baca,12486
31,YucatÃ¡n,5,BokobÃ¡,4334
31,YucatÃ¡n,6,Buctzotz,18365
31,YucatÃ¡n,7,CacalchÃ©n,15010
31,YucatÃ¡n,8,Calotmul,7914
31,YucatÃ¡n,9,Cansahcab,8951
31,YucatÃ¡n,10,Cantamayec,5535
31,YucatÃ¡n,11,CelestÃºn,16787
31,YucatÃ¡n,12,Cenotillo,7509
31,YucatÃ¡n,13,Conkal,33435
31,YucatÃ¡n,14,Cuncunul,3428
31,YucatÃ¡n,15,CuzamÃ¡,11128
31,YucatÃ¡n,16,ChacsinkÃ­n,6217
31,YucatÃ¡n,17,Chankom,9381
31,YucatÃ¡n,18,Chapab,6785
31,YucatÃ¡n,19,Chemax,78017
31,YucatÃ¡n,20,Chicxulub Pueblo,9016
31,YucatÃ¡n,21,ChichimilÃ¡,18841
31,YucatÃ¡n,22,Chikindzonot,8733
31,YucatÃ¡n,23,ChocholÃ¡,9742
31,YucatÃ¡n,24,Chumayel,6495
31,YucatÃ¡n,25,DzÃ¡n,12008
31,YucatÃ¡n,26,Dzemul,7255
31,YucatÃ¡n,27,DzidzantÃºn,16733
31,YucatÃ¡n,28,Dzilam de Bravo,5907
31,YucatÃ¡n,29,Dzilam GonzÃ¡lez,12551
31,YucatÃ¡n,30,DzitÃ¡s,8034
31,YucatÃ¡n,31,Dzoncauich,5643
31,YucatÃ¡n,32,Espita,33603
31,YucatÃ¡n,33,HalachÃ³,42543
31,YucatÃ¡n,34,HocabÃ¡,13052
31,YucatÃ¡n,35,HoctÃºn,12784
31,YucatÃ¡n,36,HomÃºn,16215
31,YucatÃ¡n,37,HuhÃ­,10501
31,YucatÃ¡n,38,HunucmÃ¡,70288
31,YucatÃ¡n,39,Ixil,8382
31,YucatÃ¡n,40,Izamal,57173
31,YucatÃ¡n,41,KanasÃ­n,283945
31,YucatÃ¡n,42,Kantunil,11122
31,YucatÃ¡n,43,Kaua,6824
31,YucatÃ¡n,44,Kinchil,15067
31,YucatÃ¡n,45,KopomÃ¡,5354
31,YucatÃ¡n,46,Mama,6600
31,YucatÃ¡n,47,ManÃ­,11964
31,YucatÃ¡n,48,MaxcanÃº,48019
31,YucatÃ¡n,49,MayapÃ¡n,7939
31,YucatÃ¡n,50,MÃ©rida,1990602
31,YucatÃ¡n,51,MocochÃ¡,6895
31,YucatÃ¡n,52,Motul,75694
31,YucatÃ¡n,53,Muna,27007
31,YucatÃ¡n,54,Muxupip,5982
31,YucatÃ¡n,55,OpichÃ©n,14165
31,YucatÃ¡n,56,Oxkutzcab,67764
31,YucatÃ¡n,57,PanabÃ¡,15676
31,YucatÃ¡n,58,Peto,51994
31,YucatÃ¡n,59,Progreso,132034
31,YucatÃ¡n,60,Quintana Roo,1953
31,YucatÃ¡n,61,RÃ­o Lagartos,8030
31,YucatÃ¡n,62,Sacalum,9936
31,YucatÃ¡n,63,Samahil,11280
31,YucatÃ¡n,64,Sanahcat,3402
31,YucatÃ¡n,65,San Felipe,4285
31,YucatÃ¡n,66,Santa Elena,8470
31,YucatÃ¡n,67,SeyÃ©,20128
31,YucatÃ¡n,68,SinanchÃ©,6427
31,YucatÃ¡n,69,Sotuta,17954
31,YucatÃ¡n,70,SucilÃ¡,8058
31,YucatÃ¡n,71,Sudzal,3919
31,YucatÃ¡n,72,Suma,3724
31,YucatÃ¡n,73,TahdziÃº,11737
31,YucatÃ¡n,74,Tahmek,7552
31,YucatÃ¡n,75,Teabo,13844
31,YucatÃ¡n,76,Tecoh,35912
31,YucatÃ¡n,77,Tekal de Venegas,5366
31,YucatÃ¡n,78,TekantÃ³,7496
31,YucatÃ¡n,79,Tekax,90268
31,YucatÃ¡n,80,Tekit,22045
31,YucatÃ¡n,81,Tekom,6732
31,YucatÃ¡n,82,Telchac Pueblo,7040
31,YucatÃ¡n,83,Telchac Puerto,3832
31,YucatÃ¡n,84,Temax,14097
31,YucatÃ¡n,85,TemozÃ³n,33447
31,YucatÃ¡n,86,TepakÃ¡n,4278
31,YucatÃ¡n,87,Tetiz,10944
31,YucatÃ¡n,88,Teya,3834
31,YucatÃ¡n,89,Ticul,81042
31,YucatÃ¡n,90,Timucuy,15054
31,YucatÃ¡n,91,Tinum,25415
31,YucatÃ¡n,92,Tixcacalcupul,15788
31,YucatÃ¡n,93,Tixkokob,36891
31,YucatÃ¡n,94,Tixmehuac,10900
31,YucatÃ¡n,95,TixpÃ©hual,11396
31,YucatÃ¡n,96,TizimÃ­n,162275
31,YucatÃ¡n,97,TunkÃ¡s,7402
31,YucatÃ¡n,98,Tzucacab,30772
31,YucatÃ¡n,99,Uayma,8385
31,YucatÃ¡n,100,UcÃº,8118
31,YucatÃ¡n,101,UmÃ¡n,138450
31,YucatÃ¡n,102,Valladolid,171418
31,YucatÃ¡n,103,Xocchel,6906
31,YucatÃ¡n,104,YaxcabÃ¡,32766
31,YucatÃ¡n,105,Yaxkukul,6593
31,YucatÃ¡n,106,YobaÃ­n,4433
32,Zacatecas,0,Total de la entidad Zacatecas,1630621
32,Zacatecas,1,Apozol,12623
32,Zacatecas,2,Apulco,9936
32,Zacatecas,3,Atolinga,4591
32,Zacatecas,4,Benito JuÃ¡rez,9010
32,Zacatecas,5,Calera,91890
32,Zacatecas,6,CaÃ±itas de Felipe Pescador,16518
32,Zacatecas,7,ConcepciÃ³n del Oro,24326
32,Zacatecas,8,CuauhtÃ©moc,27045
32,Zacatecas,9,Chalchihuites,20261
32,Zacatecas,10,Fresnillo,482547
32,Zacatecas,11,Trinidad GarcÃ­a de la Cadena,6841
32,Zacatecas,12,Genaro Codina,16453
32,Zacatecas,13,General Enrique Estrada,13386
32,Zacatecas,14,General Francisco R. MurguÃ­a,40470
32,Zacatecas,15,El Plateado de JoaquÃ­n Amaro,3183
32,Zacatecas,16,General PÃ¡nfilo Natera,47161
32,Zacatecas,17,Guadalupe,423747
32,Zacatecas,18,Huanusco,9166
32,Zacatecas,19,Jalpa,50827
32,Zacatecas,20,Jerez,120074
32,Zacatecas,21,JimÃ©nez del Teul,8988
32,Zacatecas,22,Juan Aldama,39517
32,Zacatecas,23,Juchipila,24540
32,Zacatecas,24,Loreto,107585
32,Zacatecas,25,Luis Moya,26514
32,Zacatecas,26,Mazapil,35668
32,Zacatecas,27,Melchor Ocampo,5497
32,Zacatecas,28,Mezquital del Oro,5003
32,Zacatecas,29,Miguel Auza,47517
32,Zacatecas,30,Momax,4898
32,Zacatecas,31,Monte Escobedo,17631
32,Zacatecas,32,Morelos,26486
32,Zacatecas,33,Moyahua de Estrada,9149
32,Zacatecas,34,NochistlÃ¡n de MejÃ­a,56019
32,Zacatecas,35,Noria de Ãngeles,32604
32,Zacatecas,36,Ojocaliente,88519
32,Zacatecas,37,PÃ¡nuco,35649
32,Zacatecas,38,Pinos,144818
32,Zacatecas,39,RÃ­o Grande,129184
32,Zacatecas,40,Sain Alto,43737
32,Zacatecas,41,El Salvador,5065
32,Zacatecas,42,Sombrerete,127613
32,Zacatecas,43,SusticacÃ¡n,2738
32,Zacatecas,44,Tabasco,33220
32,Zacatecas,45,TepechitlÃ¡n,16674
32,Zacatecas,46,Tepetongo,12988
32,Zacatecas,47,TeÃºl de GonzÃ¡lez Ortega,10781
32,Zacatecas,48,Tlaltenango de SÃ¡nchez RomÃ¡n,54677
32,Zacatecas,49,ValparaÃ­so,65215
32,Zacatecas,50,Vetagrande,20566
32,Zacatecas,51,Villa de Cos,69737
32,Zacatecas,52,Villa GarcÃ­a,39124
32,Zacatecas,53,Villa GonzÃ¡lez Ortega,26469
32,Zacatecas,54,Villa Hidalgo,38980
32,Zacatecas,55,Villanueva,63394
32,Zacatecas,56,Zacatecas,299399
32,Zacatecas,57,Trancoso,40975
32,Zacatecas,58,Santa MarÃ­a de la Paz,5566
